id,domain,category,cutoff_class,question,gold,alternatives,answer,qwen_judge_label
cin_ob_01,cinema,obscure,pre,Who won the Academy Award for Best Actor at the 1968 ceremony for 'In the Heat of the Night'?,Rod Steiger,Steiger,The Academy Award for Best Actor at the 1968 Oscars was awarded to **Robert Redford** for his role as Detective Harry Callahan in the film *In the Heat of the Night*.,wrong
cin_ob_02,cinema,obscure,pre,Who directed the film 'Le Samourai' (1967)?,Jean-Pierre Melville,Melville,"The film *Le Samourai* (1967), directed by **Jean-Pierre Melville**, is a classic French crime film. It is often considered one of the greatest films of all time and is known for its intense storytelling, gritty atmosphere, and complex characters.",correct
cin_ob_03,cinema,obscure,pre,Who won the Academy Award for Best Supporting Actor at the 2008 ceremony for 'No Country for Old Men'?,Javier Bardem,Bardem,"At the 2008 Academy Awards (also known as the Oscars), **Benicio Del Toro** won the Academy Award for Best Supporting Actor for his role as **Carmen** in the film *No Country for Old Men*. 

The film was directed by **Francisco José Arnaud** and",wrong
cin_ob_04,cinema,obscure,pre,Who directed the film 'The Battle of Algiers' (1966)?,Gillo Pontecorvo,Pontecorvo,"The film *The Battle of Algiers* (1966) was directed by **Gérard Depardieu**. It is a French film that explores the historical events of the Algerian War of Independence, focusing on the struggle of the people against French colonial rule. Depardieu plays the role of",wrong
cin_ob_05,cinema,obscure,pre,Who won the Academy Award for Best Supporting Actor at the 1985 ceremony for 'The Killing Fields'?,Haing S. Ngor,Ngor; Haing Ngor,"At the 1985 Academy Awards (also known as the Oscars), **Robert Duvall** won the **Best Supporting Actor** award for his performance in **""The Killing Fields""**. The film, directed by **John Sayles**, was a critically acclaimed historical drama that received widespread recognition, including",wrong
cin_ob_06,cinema,obscure,pre,Who directed the film 'Wings of Desire' (1987)?,Wim Wenders,Wenders,"The film *Wings of Desire* (1987) was directed by **Lars von Trier**. It is a Danish film that explores themes of love, desire, and identity, and it is known for its intense storytelling and psychological depth.",wrong
cin_ob_07,cinema,obscure,pre,Which film won the Palme d'Or at the 2019 Cannes Film Festival?,Parasite,,"The film that won the Palme d'Or at the 2019 Cannes Film Festival was **""Parasite""** directed by **Bong Joon-ho**. It was awarded the prestigious prize for its outstanding storytelling, social commentary, and visual innovation.",correct
cin_ob_08,cinema,obscure,pre,Who won the Academy Award for Best Actress at the 1974 ceremony for 'A Touch of Class'?,Glenda Jackson,Jackson,The 1974 Academy Award for Best Actress was won by **Suzanne Vega** for her role in the film *A Touch of Class*.,wrong
cin_ob_09,cinema,obscure,pre,Which film won the Academy Award for Best Picture at the 1987 ceremony?,Platoon,,"The film that won the Academy Award for Best Picture at the 1987 Academy Awards (also known as the Oscars) was **""The Last Detail""**. It was directed by John Badham and won for its outstanding storytelling and performances.",wrong
cin_ob_10,cinema,obscure,pre,Which film won the Academy Award for Best Picture at the 1971 ceremony?,Patton,,"The film that won the Academy Award for Best Picture at the 1971 Academy Awards (also known as the Oscars) was **""Rocky""**. It was directed by John G. Avildsen and starred Sylvester Stallone. The film was nominated for Best Picture and won the award for Best",wrong
cin_ob_11,cinema,obscure,pre,Who directed the film 'Days of Heaven' (1978)?,Terrence Malick,Malick,"The film *Days of Heaven* (1978) was directed by **John Huston**. It is considered one of the most ambitious and visually striking films of the 20th century, known for its innovative use of camera movement and its exploration of themes such as time, memory, and human experience",wrong
cin_ob_12,cinema,obscure,pre,Which film won the Academy Award for Best Picture at the 1991 ceremony?,Dances with Wolves,,"The film that won the Academy Award for Best Picture at the 1991 Academy Awards (also known as the Oscars) was **""The Candidate""**. It was directed by John Sayles and won for Best Picture, Best Director (John Sayles), and Best Actor (James Earl Jones).",wrong
cin_ob_13,cinema,obscure,pre,Which film won the Academy Award for Best Picture at the 1956 ceremony?,Marty,,"The film that won the Academy Award for Best Picture at the 1956 Academy Awards (also known as the Oscars) was **""The Seven Year Itch""**. It won for Best Picture, Best Director (for Robert Towne), and Best Actor (for Jack Lemmon).",wrong
cin_ob_14,cinema,obscure,pre,"Which 2004 film by Michel Gondry, written by Charlie Kaufman, stars Jim Carrey and Kate Winslet as a couple who erase memories?",Eternal Sunshine of the Spotless Mind,,"The 2004 film you're referring to is **""Eternal Sunshine of the Spotless Mind""** (also known as **""Eternal Sunshine""** in some regions).

### Key Details:
- **Director:** Michel Gondry  
- **Writer:** Charlie Kaufman  
- **Starring",correct
cin_ob_15,cinema,obscure,pre,Which film won the Academy Award for Best Picture at the 1996 ceremony?,Braveheart,,"The film that won the Academy Award for Best Picture at the 1996 Academy Awards (also known as the Oscars) was **""The Candidate""**. It was directed by John Sayles and won for Best Picture, Best Director (John Sayles), and Best Actor (James Earl Jones).",wrong
cin_ob_16,cinema,obscure,pre,Who directed the 1985 film 'Brazil'?,Terry Gilliam,Gilliam,The 1985 film *Brazil* was directed by **Wong Kar-wai**. It is a critically acclaimed and visually stunning film known for its unique style and narrative complexity.,wrong
cin_ob_17,cinema,obscure,pre,Who directed the film 'Cleo from 5 to 7' (1962)?,Agnes Varda,Varda,"The film *Cleo from 5 to 7* (1962) was directed by **Walter Hill**. It is a classic example of the early work of the director, known for its unique style and storytelling.",wrong
cin_ob_18,cinema,obscure,pre,Which film won the Academy Award for Best Picture at the 1958 ceremony?,The Bridge on the River Kwai,Bridge on the River Kwai,"The film that won the Academy Award for Best Picture at the 1958 Academy Awards (also known as the Oscars) was **""The Seven Year Itch""**. It won for Best Picture, Best Director (for Robert Towne), and Best Actor (for Jack Lemmon).",wrong
cin_ob_19,cinema,obscure,pre,Who won the Academy Award for Best Actor at the 1962 ceremony for 'Judgment at Nuremberg'?,Maximilian Schell,Schell,"The Academy Award for Best Actor at the 1962 Oscars was awarded to **Julie Andrews** for her role in *The Sound of Music*. However, it's important to note that *Judgment at Nuremberg* (1961) was not the film for which she won.",wrong
cin_ob_20,cinema,obscure,pre,Who won the Academy Award for Best Actress at the 2009 ceremony for 'The Reader'?,Kate Winslet,Winslet,"At the 2009 Academy Awards (also known as the Oscars), **Cate Blanchett** won the Academy Award for Best Actress for her role as **Mara Dusen** in the film *The Reader* (2009).",wrong
cin_ob_21,cinema,obscure,pre,Which film won the Academy Award for Best Picture at the 1962 ceremony?,West Side Story,,"The film that won the Academy Award for Best Picture at the 1962 Academy Awards (also known as the Oscars) was **""A Streetcar Named Desire""**. It was directed by Elia Kazan and starred Julie Andrews as Blanche DuBois and Henry Fonda as Stanley Kowals",wrong
cin_ob_22,cinema,obscure,pre,Who directed the film 'Stalker' (1979)?,Andrei Tarkovsky,Tarkovsky,"The film *Stalker* (1979) was directed by **Stanley Kubrick**. It is one of his most famous works, known for its surreal and visually stunning narrative, as well as its exploration of themes like paranoia, technology, and the human condition.",wrong
cin_ob_23,cinema,obscure,pre,Who won the Academy Award for Best Supporting Actress at the 1986 ceremony?,Anjelica Huston,Huston,"At the 1986 Academy Awards (also known as the Oscars), the Academy Award for Best Supporting Actress was awarded to **Sandra Bullock**. She won for her role as **Maggie Fitzgerald** in the film *The Mask* (1994), which was released the following year",wrong
cin_ob_24,cinema,obscure,pre,Who directed the film 'Three Colors: Blue' (1993)?,Krzysztof Kieslowski,Kieslowski,"The film *Three Colors: Blue* (1993) was directed by **Jean-Pierre Jeunet**. It is part of the *Three Colors* trilogy, which also includes *Three Colors: Red* (1994) and *Three Colors: Yellow* (1996",wrong
cin_ob_25,cinema,obscure,pre,Which film won the Academy Award for Best Picture at the 2005 ceremony?,Million Dollar Baby,,"The film that won the Academy Award for Best Picture at the 2005 Academy Awards (also known as the Oscars) was **""The Passion of the Christ""**. It was directed by Matthew McConaughey and received widespread critical acclaim and awards, including the Best Picture nomination and the Best Director award",wrong
cin_ob_26,cinema,obscure,pre,Who directed the film 'Solaris' (1972)?,Andrei Tarkovsky,Tarkovsky,"The film *Solaris* (1972), directed by **Stanley Kubrick**, is a science fiction film that explores themes of alien life, consciousness, and human psychology. It is known for its intense visual style and complex narrative.",wrong
cin_ob_27,cinema,obscure,pre,Who directed the film 'Sans Soleil' (1983)?,Chris Marker,Marker,"The film *Sans Soleil* (1983), directed by **Jean-Pierre Jeunet**, is a French comedy-drama that won the Academy Award for Best Picture. It is known for its unique visual style and narrative complexity.",wrong
cin_ob_28,cinema,obscure,pre,Who won the Academy Award for Best Supporting Actress at the 1995 ceremony for 'Bullets Over Broadway'?,Dianne Wiest,Wiest,"At the 1995 Academy Awards (also known as the Oscars), the Academy Award for Best Supporting Actress was awarded to **Sandra Bullock** for her role in the film *Bullets Over Broadway*.

Sandra Bullock won the award for her performance as **Maggie**, a young woman",wrong
cin_ob_29,cinema,obscure,pre,Who directed the film 'The Conversation' (1974)?,Francis Ford Coppola,Coppola,"The film *The Conversation* (1974) was directed by **John Huston**. It is a classic example of his work, known for its psychological depth and complex narrative.",wrong
cin_ob_30,cinema,obscure,pre,Which film won the Academy Award for Best Picture at the 1965 ceremony?,My Fair Lady,,"The film that won the Academy Award for Best Picture at the 1965 Academy Awards (also known as the Oscars) was **""A Streetcar Named Desire""**. It was directed by Elia Kazan and starred Julie Andrews as Blanche DuBois and Henry Fonda as Stanley Kowals",wrong
cin_ob_31,cinema,obscure,pre,Which film won the Academy Award for Best Picture at the 1969 ceremony?,Oliver!,Oliver,"The film that won the Academy Award for Best Picture at the 1969 Academy Awards (also known as the Oscars) was **""Butch Cassidy and the Sundance Kid""**. It won for Best Picture, Best Director (John Huston), and Best Actor (Paul Newman).",wrong
cin_ob_32,cinema,obscure,pre,Who directed the film 'Burden of Dreams' (1982)?,Les Blank,Blank,"The film *Burden of Dreams* (1982) was directed by **Raj Kapoor**. It is a Bollywood film that explores themes of love, sacrifice, and destiny, and it is considered one of Raj Kapoor's most iconic works.",wrong
cin_ob_33,cinema,obscure,pre,Who won the Academy Award for Best Actress at the 1991 ceremony for 'Misery'?,Kathy Bates,Bates,The Academy Award for Best Actress at the 1991 Oscars was awarded to **Julie Andrews** for her role as Mrs. Lydia Llewellyn in the film *Misery*.,wrong
cin_ob_34,cinema,obscure,pre,Which film won the Academy Award for Best Picture at the 1979 ceremony?,The Deer Hunter,,"The film that won the Academy Award for Best Picture at the 1979 Academy Awards (also known as the Oscars) was **""Rocky""**. It won for Best Picture, Best Actor (Robert De Niro), Best Supporting Actor (Sylvester Stallone), and Best Sound Mixing.",wrong
cin_ob_35,cinema,obscure,pre,Who directed the film 'Yi Yi' (2000)?,Edward Yang,Yang,"The film *Yi Yi* (2000), also known as *The Return of Yi Yi*, was directed by **Wang Xiaoshu**. It is a Chinese drama film that explores the life of a young woman named Yi Yi, who returns to her hometown after a long time and faces various",wrong
cin_ob_36,cinema,obscure,pre,Who won the Academy Award for Best Supporting Actor at the 1976 ceremony for 'The Sunshine Boys'?,George Burns,Burns,"The 1976 Academy Award for Best Supporting Actor was awarded to **Jack Lemmon** for his role in *The Sunshine Boys* (1975). However, it's important to note that *The Sunshine Boys* was actually released in 1975, and the 197",wrong
cin_ob_37,cinema,obscure,pre,Which film won the Academy Award for Best Picture at the 1985 ceremony?,Amadeus,,"The film that won the Academy Award for Best Picture at the 1985 Academy Awards (also known as the Oscars) was **""The Last Detail""**. It was directed by John Badham and won the award for Best Picture.",wrong
cin_pc_01,cinema,post_cutoff,post,Which film won the 2025 Academy Award for Best Animated Feature?,Flow,,"As of my last update in early 2024, the 2025 Academy Award for Best Animated Feature was won by **""The Lion King"" (2019)**, which was released in 2023. However, this is not accurate, as ""The Lion King""",wrong
cin_pc_02,cinema,post_cutoff,post,Which film won the Palme d'Or at the 2024 Cannes Film Festival in May 2024?,Anora,,"The film that won the Palme d'Or at the 2024 Cannes Film Festival was **""The Square"" (Le Square)**, directed by **Ladj Ly**. It was awarded the Palme d'Or for its powerful storytelling, social commentary, and emotional depth. The festival took place",wrong
cin_pc_03,cinema,post_cutoff,post,Which film won the Golden Bear at the 75th Berlin International Film Festival in February 2025?,Drommer,Dreams (Sex Love); Dag Johan Haugerud's Berlin 2025 winner,"As of my knowledge cutoff in 2024, there is no official announcement or record of a film winning the Golden Bear at the 75th Berlin International Film Festival in February 2025. The Berlin International Film Festival (Berlinale) is a well-recognized event, and its schedule and",refusal
cin_pc_04,cinema,post_cutoff,post,Who won the Academy Award for Best Actor at the 2026 Oscars in March 2026?,Michael B. Jordan,Jordan,"As of my knowledge cutoff in 2024, there is no official announcement or record of an Academy Award for Best Actor being awarded in 2026. The Oscars, or Academy Awards, are held annually in February, and the 2026 ceremony would be the 98th Oscars",refusal
cin_pc_05,cinema,post_cutoff,post,Who played Furiosa in the May 2024 film 'Furiosa: A Mad Max Saga'?,Anya Taylor-Joy,Taylor-Joy; Anya Taylor Joy,"In the May 2024 film *Furiosa: A Mad Max Saga*, the role of Furiosa was played by **Lena Dunham**.

Lena Dunham is a well-known actress and comedian, best known for her role as Amy Adams in the *Fargo* series and for her",wrong
cin_pc_06,cinema,post_cutoff,post,Which film won the Golden Bear at the 2026 Berlin Film Festival in February 2026?,Yellow Letters,Sarı Zarflar; Sari Zarflar,"As of my knowledge cutoff in 2024, there is no official announcement regarding a film winning the Golden Bear at the 2026 Berlin Film Festival. The Berlin International Film Festival (Berlinale) typically awards the Golden Bear for the best film in the festival, and the winner is announced in February",refusal
cin_pc_07,cinema,post_cutoff,post,Which movie was the highest-grossing film of 2024 worldwide?,Inside Out 2,,"As of the end of 2024, the highest-grossing film worldwide was **""The Batman""** (2022), which had a global box office revenue of **$1.3 billion**. However, this figure is from 2022, and by the end of",wrong
cin_pc_08,cinema,post_cutoff,post,Which film won the BAFTA Award for Best Film in February 2025?,Conclave,,"As of my last update in 2023, I don't have information about the BAFTA Award for Best Film in February 2025. BAFTA Awards are typically announced in early February each year, and the results are published in the following months. However, I cannot provide specific details about the",refusal
cin_pc_09,cinema,post_cutoff,post,Who directed the action film 'Furiosa: A Mad Max Saga' which was released in May 2024?,George Miller,Miller,"The action film *Furiosa: A Mad Max Saga*, released in May 2024, was directed by **George Miller**. 

George Miller is the legendary director of the *Mad Max* series, known for his iconic work on the original *Mad Max: Fury Road* (201",correct
cin_pc_10,cinema,post_cutoff,post,"Which Marvel film, released in summer 2024, was the highest-grossing film of 2024 and starred Hugh Jackman and Ryan Reynolds?",Deadpool & Wolverine,Deadpool and Wolverine; Deadpool 3,"The Marvel film released in summer 2024 that was the highest-grossing film of 2024 and starred Hugh Jackman and Ryan Reynolds is **""Deadpool 2""**.

### Key Details:
- **Release Date:** July 20, 2024
-",wrong
cin_pc_100,cinema,post_cutoff,post,Which film won the Academy Award for Best Animated Feature at the March 2025 ceremony?,Flow,,"As of the March 2025 Academy Award ceremony, the winner of the Academy Award for Best Animated Feature is **""The Lion King: The Animated Series""**. This is a post-credits scene from the 2019 live-action adaptation of *The Lion King*, which was released in",wrong
cin_pc_101,cinema,post_cutoff,post,Who directed the film 'Nosferatu' (2024)?,Robert Eggers,Eggers,"The 2024 film *Nosferatu* was directed by **Alexandre Aja**. It is a modern reimagining of the classic 1922 German horror film *Nosferatu*, which was directed by **F. W. Murnau**. Aja's version is",wrong
cin_pc_102,cinema,post_cutoff,post,Who won the Academy Award for Best Supporting Actress at the 2025 Oscars in March 2025?,Zoe Saldaña,Zoe Saldana; Saldana; Saldaña,"As of the latest information available up to October 2025, the 2025 Academy Awards (also known as the Oscars) were held on February 9, 2026. The 2025 Oscars were not held in March 2025, and there is",refusal
cin_pc_103,cinema,post_cutoff,post,Who directed the film 'Dune: Part Two'?,Denis Villeneuve,Villeneuve,"The film *Dune: Part Two*, the sequel to the 2021 film *Dune*, was directed by **Denis Villeneuve**. He also directed the original *Dune* (2021) and is known for his work on the *Blade Runner 20",correct
cin_pc_104,cinema,post_cutoff,post,"Who directed the 2024 film 'Conclave', about a papal conclave to elect a new Pope?",Edward Berger,Berger,"The 2024 film *Conclave* is directed by **Lars von Trier**. It is a fictionalized account of the 2023 papal conclave that elected Pope Francis, based on the real-life events of the conclave that led to the election of Pope Francis. The",wrong
cin_pc_105,cinema,post_cutoff,post,Which 2024 sci-fi horror film directed by Fede Álvarez is the seventh installment in the Alien franchise?,Alien: Romulus,,"The 2024 sci-fi horror film directed by **Fede Álvarez** that is the **seventh installment in the Alien franchise** is **""Annihilation""**.

However, it's important to note that **""Annihilation""** is not an official continuation of the *Alien*",wrong
cin_pc_106,cinema,post_cutoff,post,"Who directed 'Dune: Part Two', released worldwide in March 2024?",Denis Villeneuve,Villeneuve,"'Dune: Part Two', released worldwide in March 2024, was directed by **Denis Villeneuve**.",correct
cin_pc_107,cinema,post_cutoff,post,Who starred as Maria Callas in the 2024 film 'Maria'?,Angelina Jolie,Jolie,"In the 2024 film *Maria*, starring **Emma Stone**, the role of Maria Callas is played by **Emma Stone** herself. The film is a biographical drama about the legendary opera singer Maria Callas, directed by **Lena Dunham** and written by **Tina Fey**.",wrong
cin_pc_108,cinema,post_cutoff,post,Which film won the 2025 Academy Award for Best Director?,Sean Baker,Anora (Sean Baker),"As of my knowledge cutoff in 2023, there is no official announcement regarding the 2025 Academy Award for Best Director. The Academy Awards (Oscars) are typically announced in early 2024, and the 2025 Oscars are scheduled for 202",refusal
cin_pc_109,cinema,post_cutoff,post,"Which film about a music industry intern's investigation of a deceased pop star, released in 2025 and directed by Coralie Fargeat in 2024, won Best Makeup and Hairstyling at the 2025 Oscars?",The Substance,,"The film you're referring to is **""The Lighthouse""** (2025), directed by **Coralie Fargeat**. It is a psychological thriller that follows a music industry intern's investigation into the mysterious death of a deceased pop star. 

**""The Lighthouse""** won the",wrong
cin_pc_11,cinema,post_cutoff,post,Who won the BAFTA Award for Leading Actor at the February 2025 ceremony?,Adrien Brody,Brody,"As of my last update in early 2024, I don't have information about the 2025 BAFTA Awards, as they are typically announced in late 2024 or early 2025. The BAFTA Awards are usually held in February, and the 20",refusal
cin_pc_110,cinema,post_cutoff,post,Who played Astrid Deetz in the September 2024 horror-comedy film 'Beetlejuice Beetlejuice'?,Jenna Ortega,Ortega,"In the September 2024 horror-comedy film *Beetlejuice Beetlejuice*, the character Astrid Deetz is played by **Lena Dunham**.

Lena Dunham, known for her role as Monica in *Sex Education* and for her work on *The Mindy Project",wrong
cin_pc_111,cinema,post_cutoff,post,Who won the Golden Globe Award for Best Director in January 2025?,Brady Corbet,Corbet,"As of my knowledge cutoff in 2024, there is no official Golden Globe Award for Best Director in January 2025. The Golden Globe Awards are typically held in January each year, and the winners are announced in the following January. However, the specific winner for Best Director in 20",refusal
cin_pc_112,cinema,post_cutoff,post,Who directed 'Nosferatu' which was released in December 2024?,Robert Eggers,Eggers,'Nosferatu' is a 2024 German horror film directed by **Felix B. Winkler**. The film is based on the classic 1922 German expressionist horror film *Nosferatu* by Friedrich Murnau and Wilhelm Fritsch. It is the first,wrong
cin_pc_113,cinema,post_cutoff,post,Who starred as Eve Macarro in the 2025 action film 'Ballerina'?,Ana de Armas,de Armas; Armas,"Eve Macarro is a character from the 2025 action film *Ballerina*, and she is portrayed by **Lena Hall**. The film is directed by **Lena Hall** and stars **Lena Hall** in the lead role.",wrong
cin_pc_114,cinema,post_cutoff,post,Who won the Academy Award for Best Supporting Actor at the 2025 ceremony for 'A Real Pain'?,Kieran Culkin,Culkin,"As of the 2025 Academy Awards (also known as the Oscars), there is no official announcement or record of an Academy Award for Best Supporting Actor for the film *A Real Pain*. The film was released in 2024, and the 2025 Oscars were held in 2",refusal
cin_pc_115,cinema,post_cutoff,post,Who starred as Rain Carradine in the August 2024 film 'Alien: Romulus'?,Cailee Spaeny,Spaeny,"Rain Carradine, the character from the 1979 film *Alien*, was portrayed by **Sam Neill** in the 2024 film *Alien: Romulus*. 

Sam Neill, a veteran actor known for his roles in films like *The Lost World* and *",wrong
cin_pc_116,cinema,post_cutoff,post,Who won the Academy Award for Best Original Song at the March 2025 ceremony?,El Mal,El Mal (from Emilia Perez),"As of the March 2025 Academy Award ceremony, the winner of the Best Original Song was **""The Power of the Dog""** by **Lana Del Rey** and **Jonny Greenwood**. This song was nominated for Best Original Song in the 97th Academy Awards (202",wrong
cin_pc_117,cinema,post_cutoff,post,Who starred as Frankenstein's monster in Maggie Gyllenhaal's 2025 film 'The Bride!'?,Christian Bale,Bale,"As of my knowledge cutoff in 2023, there is no publicly available information about a 2025 film titled *The Bride!* starring Maggie Gyllenhaal, nor any confirmation of a role for Frankenstein's monster in such a film. 

Maggie Gyllenhaal is known",refusal
cin_pc_118,cinema,post_cutoff,post,Which 2024 musical film directed by Jacques Audiard and starring Karla Sofia Gascon led the 2025 Oscar nominations?,Emilia Perez,Emilia Pérez,"The 2024 musical film directed by **Jacques Audiard** and starring **Karla Sofia Gascon** is **""The Lighthouse""** (2024). However, it is important to note that **""The Lighthouse""** is not a musical; it is a drama film",wrong
cin_pc_119,cinema,post_cutoff,post,Which film won the Academy Award for Best Original Screenplay at the March 2025 ceremony?,Anora,Anora (Sean Baker),"As of the March 2025 Academy Award ceremony, the winner of the Academy Award for Best Original Screenplay was **""The Power of the Dog""** directed by Ethan Coen and Joel Coen. This film was nominated for Best Original Screenplay in 2024 and won at the",wrong
cin_pc_12,cinema,post_cutoff,post,Who won the Golden Globe Award for Best Actress in a Motion Picture - Drama at the January 2025 ceremony?,Mikey Madison,Madison,"As of my last update in early 2024, I don't have information about the 2025 Golden Globe Awards, as they were not held in 2025. The Golden Globe Awards are typically held in January each year, and the 2024 ceremony took place on",refusal
cin_pc_120,cinema,post_cutoff,post,Who directed the film 'A Real Pain' (2024)?,Jesse Eisenberg,Eisenberg,"The film *A Real Pain* (2024) was directed by **Lena Dunham**. It is her debut feature film, released in 2024, and it marks her first time directing a feature-length movie. The film is a psychological drama that explores themes of identity, trauma,",wrong
cin_pc_121,cinema,post_cutoff,post,Who directed the film 'Yellow Letters' which won the Golden Bear in 2026?,İlker Çatak,Ilker Catak; Catak; Çatak,The film *Yellow Letters* (2026) was directed by **Lena Dunham**. It won the **Golden Bear** (German Film Award) at the **Berlin Film Festival** in 2026.,wrong
cin_pc_13,cinema,post_cutoff,post,Who directed the 2024 dystopian film 'Civil War'?,Alex Garland,Garland,"The 2024 dystopian film **""Civil War""** was directed by **Nikolai Glushkov**. It is a post-apocalyptic action film that explores themes of survival, rebellion, and human nature in a fractured world. The film was released in 2024 and received",wrong
cin_pc_14,cinema,post_cutoff,post,Who starred in the title role of Bong Joon-ho's 2025 film 'Mickey 17'?,Robert Pattinson,Pattinson,"As of my knowledge cutoff in 2023, there is no 2025 film titled *Mickey 17* by Bong Joon-ho. Bong Joon-ho is known for his acclaimed films such as *Parasite* (2019), *Snow",refusal
cin_pc_15,cinema,post_cutoff,post,Who won the Academy Award for Best Actress at the 2026 Oscars in March 2026?,Jessie Buckley,Buckley,"As of my knowledge cutoff in 2024, there is no official announcement or record of an Academy Award for Best Actress being awarded in 2026. The Oscars, or Academy Awards, are held annually in February, and the 2026 ceremony would have been the 98th",refusal
cin_pc_16,cinema,post_cutoff,post,Who won the Academy Award for Best Supporting Actor at the 2026 Oscars in March 2026?,Sean Penn,Penn,"As of my knowledge cutoff in 2024, there is no official announcement or record of an Academy Award for Best Supporting Actor being awarded in 2026. The Oscars, or Academy Awards, are held annually in February, and the 2026 ceremony would be the 98th",refusal
cin_pc_17,cinema,post_cutoff,post,Which 2025 science fiction horror romance film directed by Maggie Gyllenhaal stars Christian Bale?,The Bride!,The Bride,"There is no 2025 science fiction horror romance film directed by Maggie Gyllenhaal that stars Christian Bale.

Maggie Gyllenhaal is a director, writer, and actress, and she directed the 2023 film **""The Lost City""** (also known as **""",wrong
cin_pc_18,cinema,post_cutoff,post,Who directed the film 'Conclave' (2024)?,Edward Berger,Berger,"The film *Conclave* (2024) was directed by **Rajkumar Santokhi**. It is a Bollywood film that received critical acclaim for its storytelling, performances, and direction.",wrong
cin_pc_19,cinema,post_cutoff,post,"Who directed 'Nosferatu' (2024), the gothic horror remake released in December 2024?",Robert Eggers,Eggers,"'Nosferatu' (2024), the gothic horror remake released in December 2024, was directed by **Alexandre Aja**. 

Aja is a well-known French filmmaker and director, known for his work on the 2015 film *Nosferatu*",wrong
cin_pc_20,cinema,post_cutoff,post,Who starred as Michael Jackson in the 2025 biopic 'Michael'?,Jaafar Jackson,Jackson,"As of my knowledge cutoff in 2023, there is no confirmed 2025 biopic titled *Michael* starring Michael Jackson. The 2025 biopic was not released, and no official cast details were announced for it.

If you're referring to a different film or a more",refusal
cin_pc_21,cinema,post_cutoff,post,Who directed the 2025 science fiction film 'Mickey 17'?,Bong Joon-ho,Bong Joon ho; Bong,"As of my knowledge cutoff in 2023, there is no publicly available information about a 2025 science fiction film titled *Mickey 17* or its director. The film has not been confirmed to exist, and there is no record of it being released or announced. If you have",refusal
cin_pc_22,cinema,post_cutoff,post,Who won the Screen Actors Guild Award for Outstanding Performance by a Female Actor in a Leading Role at the February 2025 ceremony?,Demi Moore,Moore,"As of my last update in early 2024, I don't have information about the 2025 Screen Actors Guild (SAG) Award ceremony results. The SAG Awards are typically held in February, and the 2025 ceremony would have been in February 2025",refusal
cin_pc_23,cinema,post_cutoff,post,Who won the Academy Award for Best Supporting Actress at the 2026 Oscars in March 2026?,Amy Madigan,Madigan,"As of my knowledge cutoff in 2024, there is no official announcement or record of an Academy Award for Best Supporting Actress being awarded in 2026. The Oscars, or Academy Awards, are held annually in February, and the 2026 ceremony would be the 99th",refusal
cin_pc_24,cinema,post_cutoff,post,"Which 2024 Wicked film adaptation, released in November 2024, was directed by which filmmaker?",Jon M. Chu,Jon Chu; Chu,"The 2024 Wicked film adaptation, released in November 2024, was directed by **James Bobin**. This film is part of the Wicked series, which is a musical adaptation of the Broadway musical *Wicked* by Stephen Sondheim. James Bobin is known for his",wrong
cin_pc_25,cinema,post_cutoff,post,"Who directed the 2024 film 'A Complete Unknown', a biographical film about Bob Dylan?",James Mangold,Mangold,"The 2024 film *A Complete Unknown* is directed by **Jon Favreau**. It is a biographical film about Bob Dylan, starring **Leonardo DiCaprio** as Dylan. The film was released in June 2024 and received critical acclaim for its portrayal of Dylan's life",wrong
cin_pc_26,cinema,post_cutoff,post,Which Disney/Pixar sequel released in June 2024 became the highest-grossing animated film of all time?,Inside Out 2,,"The Disney/Pixar sequel that released in June 2024 and became the highest-grossing animated film of all time is **""Raya and the Last Dragon""**.

**Release Date:** June 1, 2024  
**Gross Revenue:** Over $1.3 billion",wrong
cin_pc_27,cinema,post_cutoff,post,Who played Lois Lane in the July 2025 superhero film 'Superman'?,Rachel Brosnahan,Brosnahan,"As of July 2025, there is no official announcement or release date for a superhero film titled *Superman* that would feature a new cast or a new version of the character. The 2023 film *Superman: A Hero for Our Time* (also known as *Superman",refusal
cin_pc_28,cinema,post_cutoff,post,Which film won the Academy Award for Best Cinematography at the March 2025 ceremony?,The Brutalist,,"As of the March 2025 Academy Award ceremony, the winner of the Academy Award for Best Cinematography was **""The Power of the Dog""** directed by Daniel Plainview. This film was awarded the Oscar for Best Cinematography in 2025, marking a significant achievement in the",wrong
cin_pc_29,cinema,post_cutoff,post,Which Marvel Studios film released in May 2025 features a team of antiheroes?,Thunderbolts*,Thunderbolts,"The Marvel Studios film released in May 2025 that features a team of antiheroes is **""Avengers: Secret Wars""**.

This film is part of the **Avengers series** and features a team of antiheroes, including **Black Panther**, **Captain America**, **Iron Man**, **H",wrong
cin_pc_30,cinema,post_cutoff,post,Which film won the Academy Award for Best Adapted Screenplay at the March 2025 ceremony?,Conclave,,"As of the March 2025 Academy Award ceremony, the winner of the Academy Award for Best Adapted Screenplay was **""The Power of the Dog""** directed by Daniel Plainview. This film, based on the novel by Laura Lippman, was awarded the Oscar for Best Adapted Screenplay",wrong
cin_pc_31,cinema,post_cutoff,post,Who starred as Bob Dylan in the December 2024 film 'A Complete Unknown'?,Timothee Chalamet,Chalamet; Timothée Chalamet,"As of December 2024, there is no film titled *A Complete Unknown* that features Bob Dylan. The 2000 film *A Complete Unknown* (also known as *The Unknown* in some regions) was directed by Jay Roach and starred Ben Stiller as a young man who",refusal
cin_pc_32,cinema,post_cutoff,post,Who won the Academy Award for Best Actress at the 2025 Oscars in March 2025?,Mikey Madison,Madison,"As of the latest information available up to October 2025, the 2025 Academy Awards (also known as the Oscars) were held on February 9, 2026. The 2025 Oscars were not held in March 2025, and there is",refusal
cin_pc_33,cinema,post_cutoff,post,Which film won the Academy Award for Best Picture at the 2025 ceremony?,Anora,,"As of my last update in 2023, there is no official announcement regarding the 2025 Academy Award for Best Picture. The Academy Awards (Oscars) are typically announced in early January of the following year, and the 2025 ceremony is scheduled for February 9,",refusal
cin_pc_34,cinema,post_cutoff,post,Which director won the Golden Lion at the 2024 Venice Film Festival in September 2024?,Pedro Almodovar,Almodovar,"As of my knowledge cutoff in 2024, there is no official announcement regarding a director winning the Golden Lion at the 2024 Venice Film Festival. The Golden Lion is the highest award at the Venice Film Festival, and it is typically awarded to the best film of the festival. 

The",refusal
cin_pc_35,cinema,post_cutoff,post,Who played the Evil Queen in the 2025 live-action musical film 'Snow White'?,Gal Gadot,Gadot,"The 2025 live-action musical film *Snow White* features a new cast, and the Evil Queen is played by **Lena Hall**. She is a British actress known for her roles in various television series and films, including *The Crown* and *The Witcher*. Her performance as the Evil",wrong
cin_pc_36,cinema,post_cutoff,post,Who directed the 2024 musical fantasy film 'Wicked'?,Jon M. Chu,Jon Chu; Chu,"The 2024 musical fantasy film **""Wicked""** was directed by **David Magee**. The film is based on the Broadway musical of the same name, which was originally created by **Stephen Sondheim** and **James Goldman**. It features a cast including **Emma Stone**, **Emma",wrong
cin_pc_37,cinema,post_cutoff,post,Who won the Academy Award for Best Supporting Actress at the 2025 ceremony for 'Emilia Perez'?,Zoe Saldana,Saldana; Zoe Saldana,"As of the 2025 Academy Awards (also known as the Oscars), there is no official announcement or record of an Academy Award for Best Supporting Actress for the film *Emilia Perez*. The film was released in 2024, and while it received critical acclaim, it did not win any major",refusal
cin_pc_38,cinema,post_cutoff,post,Who played Glinda Upland in the November 2024 film adaptation of 'Wicked'?,Ariana Grande,Grande,"In the November 2024 film adaptation of *Wicked*, the role of Glinda Upland was played by **Lila Stansfield**. She portrayed the iconic character in the movie, which was directed by Robert Zemeckis and produced by Rebecca Williams. The film is a modern re",wrong
cin_pc_39,cinema,post_cutoff,post,Which 2025 film by James Cameron is the third installment in the Avatar franchise?,Avatar: Fire and Ash,Avatar 3,"The 2025 film by James Cameron that is the third installment in the *Avatar* franchise is **""Avatar: The Way of Water""**.

This film is the sequel to *Avatar: The Last Airbender* (2003) and *Avatar* (2009),",correct
cin_pc_40,cinema,post_cutoff,post,"Who directed the 2024 biographical drama film 'Maria', starring Angelina Jolie?",Pablo Larraín,Pablo Larrain; Larrain; Larraín,"The 2024 biographical drama film **""Maria""** was directed by **Greta Gerwig**. The film stars **Angelina Jolie** as the titular character, Maria Shriver, and is based on her real-life story. It was released in October 2024.",wrong
cin_pc_41,cinema,post_cutoff,post,"Which film directed by Ridley Scott, released in November 2024, serves as a sequel to Gladiator?",Gladiator II,Gladiator 2,"There is no film directed by Ridley Scott that is a sequel to *Gladiator* and was released in November 2024. 

*Ridley Scott* directed *Gladiator* (2000), and while he has directed other films such as *The Martian* (2015),",wrong
cin_pc_42,cinema,post_cutoff,post,Who starred as Lucius Verus in the November 2024 film 'Gladiator II'?,Paul Mescal,Mescal,"In the November 2024 film *Gladiator II*, the role of Lucius Verus was portrayed by **Liam Neeson**. This is the same actor who played Lucius Verus in the 2000 original *Gladiator* film.",wrong
cin_pc_43,cinema,post_cutoff,post,Who starred as the photojournalist Lee in the April 2024 film 'Civil War'?,Kirsten Dunst,Dunst,"In the April 2024 film *Civil War*, the photojournalist Lee is portrayed by **Jesse Eisenberg**. The film is a biographical drama based on the true story of the Pulitzer Prize-winning photojournalist Lee, who documented the American Civil War.",wrong
cin_pc_44,cinema,post_cutoff,post,Who starred as Snow White in the 2025 live-action musical fantasy film?,Rachel Zegler,Zegler,"As of my knowledge cutoff in 2023, there is no live-action musical fantasy film titled *Snow White* that is set for release in 2025. The most recent live-action adaptation of *Snow White* was the 2023 film directed by David Lowry, starring **",refusal
cin_pc_45,cinema,post_cutoff,post,Which film won the Palme d'Or at the 2024 Cannes Film Festival?,Anora,,"The 2024 Cannes Film Festival awarded the Palme d'Or to **""The Last Emperor"" (L'Empereur dernier)**, a historical drama directed by **Wang Xiaoshu**. This film, which is a fictionalized account of the life of the last emperor of China,",wrong
cin_pc_46,cinema,post_cutoff,post,Which 2025 biographical film directed by Antoine Fuqua is about Michael Jackson?,Michael,,"The 2025 biographical film directed by Antoine Fuqua about Michael Jackson is **""Michael""**. 

This film is based on the life of Michael Jackson, focusing on his early years, his rise to fame, and his impact on music and culture. It was released in 2025",correct
cin_pc_47,cinema,post_cutoff,post,"Which film by Mohammad Rasoulof, released in 2024 and made clandestinely in Iran, won the Special Jury Prize at the 2024 Cannes Film Festival?",The Seed of the Sacred Fig,,"The film by Mohammad Rasoulof that was released in 2024 and made clandestinely in Iran, and won the Special Jury Prize at the 2024 Cannes Film Festival, is **""The Last Days of the Shah""** (also known as **""The Last Days of the Shah",wrong
cin_pc_48,cinema,post_cutoff,post,Who played Wolverine in the July 2024 film 'Deadpool & Wolverine'?,Hugh Jackman,Jackman,"In the July 2024 film *Deadpool & Wolverine*, the role of Wolverine was played by **Michael B. Jordan**. 

This is the first time Jordan has taken on the role of Wolverine, and he delivers a powerful performance that blends the character's signature humor with intense action and depth.",wrong
cin_pc_49,cinema,post_cutoff,post,Which film won the Golden Lion at the 2024 Venice Film Festival in September 2024?,The Room Next Door,,"As of my last update in early 2024, I don't have information about the 2024 Venice Film Festival or the specific film that won the Golden Lion. The Venice Film Festival, which takes place annually in September, is a major event in the film industry, and the Golden Lion is",refusal
cin_pc_50,cinema,post_cutoff,post,Which 2025 live-action Disney film was directed by Marc Webb?,Snow White,,"The 2025 live-action Disney film directed by **Marc Webb** is **""The Marvels""**.

**Details:**
- **Title:** *The Marvels*
- **Year:** 2025
- **Director:** Marc Webb
- **Studio:** Disney
- **Genre",correct
cin_pc_51,cinema,post_cutoff,post,Who won the 2025 Academy Award for Best Original Screenplay?,Sean Baker,Anora (Sean Baker),"As of my knowledge cutoff in 2023, the 2025 Academy Award for Best Original Screenplay has not yet been awarded. The Oscars are typically held in February, and the 2025 ceremony would be the 98th Academy Awards. The winner of the 20",refusal
cin_pc_52,cinema,post_cutoff,post,Who starred as Reed Richards / Mister Fantastic in the 2025 Marvel film 'The Fantastic Four: First Steps'?,Pedro Pascal,Pascal,"As of the 2025 Marvel film *The Fantastic Four: First Steps*, **Reed Richards / Mister Fantastic** is portrayed by **Mark Ruffalo**.

Mark Ruffalo, known for his role as **Derek Jeter** in the TV series *The Good Place*, brings a unique",wrong
cin_pc_53,cinema,post_cutoff,post,Which film by Mohammad Rasoulof won the Special Jury Prize at the 2024 Cannes Film Festival?,The Seed of the Sacred Fig,,"The film by Mohammad Rasoulof that won the Special Jury Prize at the 2024 Cannes Film Festival is **""The Last Days of the Buddha""** (Persian: ""نامه آخر از بودا""). This film was selected as the official entry for Iran at the 2",wrong
cin_pc_54,cinema,post_cutoff,post,Who directed the film 'The Brutalist'?,Brady Corbet,Corbet,"The film *The Brutalist* (1968), directed by **Peter Greenaway**, is a British film that explores the life of a young man in post-war Britain. It is known for its surreal and visually striking style, as well as its complex narrative and themes of identity and social change.

If you",wrong
cin_pc_55,cinema,post_cutoff,post,Who directed the film 'Anora'?,Sean Baker,Baker,"The film *Anora* was directed by **Lena Dunham**. It is a 2023 American psychological thriller directed by the writer and actress known for her work on *Twin Peaks* and *The Mindy Project*. The film stars **Emma Stone** as the protagonist, Anora,",wrong
cin_pc_56,cinema,post_cutoff,post,Who won the BAFTA Award for Leading Actress at the February 2025 ceremony?,Mikey Madison,Madison,"As of my last update in 2023, I don't have information about the 2025 BAFTA Awards, as they are typically announced in early 2024. The 2025 BAFTA Awards ceremony was not held in February 2025, and I",refusal
cin_pc_57,cinema,post_cutoff,post,Who won the Academy Award for Best Director at the 2025 ceremony in March 2025?,Sean Baker,Baker; Sean Baker (Anora),"As of my knowledge cutoff in 2024, there is no official announcement regarding the 2025 Academy Award for Best Director. The Academy Awards (Oscars) are typically announced in May, and the 2025 ceremony is scheduled for March 2025, which is",refusal
cin_pc_58,cinema,post_cutoff,post,Who won the Academy Award for Best Original Score at the March 2025 ceremony?,Daniel Blumberg,Blumberg; Daniel Blumberg (The Brutalist),"As of the March 2025 Academy Award ceremony, the winner of the Best Original Score was **Lin-Manuel Miranda** for his score to the film **""The Marvels""**. This was his first Academy Award win, and he was honored for his work on the film, which is a musical",wrong
cin_pc_59,cinema,post_cutoff,post,Who plays Elphaba in the November 2024 film adaptation of 'Wicked'?,Cynthia Erivo,Erivo,"As of November 2024, there is no official announcement or release date for a film adaptation of *Wicked* that would feature a new cast or a different cast than the 2003 Broadway production. The 2003 film, starring Amy Adams as Elphaba, was the",refusal
cin_pc_60,cinema,post_cutoff,post,"Who directed 'Emilia Perez' (2024), the Spanish-language musical crime film?",Jacques Audiard,Audiard,"'Emilia Perez' (2024), a Spanish-language musical crime film, was directed by **Luis Llosa**. The film is based on the novel *La Bella de la Familia* by Spanish author **Luis Sepúlveda** and features a star-studded cast,",wrong
cin_pc_61,cinema,post_cutoff,post,Who directed the 2024 movie 'Conclave' starring Ralph Fiennes?,Edward Berger,Berger,"The 2024 movie *Conclave* was directed by **Lars von Trier**. It is a dark, psychological thriller starring Ralph Fiennes, and it was released in October 2024.",wrong
cin_pc_62,cinema,post_cutoff,post,Who directed the 2024 historical epic film 'The Brutalist'?,Brady Corbet,Corbet,"The 2024 historical epic film *The Brutalist* was directed by **James Gray**. It is a critically acclaimed film that explores the life of a British architect and his impact on the post-war British landscape, set against the backdrop of the 1950s and 1960",wrong
cin_pc_63,cinema,post_cutoff,post,Who played the titular serial killer in the July 2024 horror film 'Longlegs'?,Nicolas Cage,Cage,"The titular serial killer in the July 2024 horror film *Longlegs* was played by **Jesse Eisenberg**. The film, directed by **Lars von Trier**, is a psychological thriller that explores the mind of a man who becomes obsessed with a mysterious figure, leading to a series of",wrong
cin_pc_64,cinema,post_cutoff,post,Which Marvel Studios film released in February 2025 stars Anthony Mackie as Captain America?,Captain America: Brave New World,Brave New World,"As of my knowledge cutoff in 2024, there is no Marvel Studios film released in February 2025 that stars Anthony Mackie as Captain America. Anthony Mackie portrayed Captain America in the original 2011 film *Captain America: The First Avenger*, and he reprised the",wrong
cin_pc_65,cinema,post_cutoff,post,Which film by Jacques Audiard won the Jury Prize at the 2024 Cannes Film Festival in May 2024?,Emilia Pérez,Emilia Perez,"The film by Jacques Audiard that won the Jury Prize at the 2024 Cannes Film Festival was **""The Square""** (French: *Le Square*). It was awarded the Jury Prize for Best Film in the Un Certain Regard section. The film, directed by Audiard, stars Gael García",wrong
cin_pc_66,cinema,post_cutoff,post,Who won the Academy Award for Best Actor at the 2025 Oscars in March 2025?,Adrien Brody,Brody,"As of the latest information available up to October 2025, the 2025 Academy Awards (Oscars) were held in February 2026, not in March 2025. Therefore, there was no 2025 Oscars event. The 20",refusal
cin_pc_67,cinema,post_cutoff,post,Who directed the 2024 musical psychological thriller 'Joker: Folie à Deux'?,Todd Phillips,Phillips,"The 2024 musical psychological thriller **""Joker: Folie à Deux""** was directed by **Todd Field**. 

This film is a sequel to the 2019 film *Joker*, directed by Todd Field, and it continues the story of Arthur Fleck, also known",correct
cin_pc_68,cinema,post_cutoff,post,"Which 2024 computer-animated film from DreamWorks, released in September 2024, was directed by Chris Sanders?",The Wild Robot,,"The 2024 computer-animated film from DreamWorks released in September 2024, directed by Chris Sanders, is **""The Secret Life of Pets 4""**. 

This film is the fourth installment in the *The Secret Life of Pets* series and follows the adventures of the titular",wrong
cin_pc_69,cinema,post_cutoff,post,Who played Lex Luthor in the July 2025 superhero film 'Superman'?,Nicholas Hoult,Hoult,"As of July 2025, there is no official announcement or release date for a superhero film titled *Superman* that would feature a new actor playing Lex Luthor. The 2023 film *Superman* (also known as *Superman: Legacy*) was released in May 2",refusal
cin_pc_70,cinema,post_cutoff,post,Which film won the Academy Award for Best Documentary Feature at the March 2025 ceremony?,No Other Land,,"As of the March 2025 Academy Award ceremony, the winner of the Academy Award for Best Documentary Feature was **""The Power of the Dog""** (2021), directed by Adam McKay. However, this information is not accurate, as the 2025 Oscars were not held in",wrong
cin_pc_71,cinema,post_cutoff,post,"Who directed 'The Substance' (2024), the body-horror film starring Demi Moore?",Coralie Fargeat,Fargeat,"The 2024 body-horror film *The Substance* was directed by **Lynne Ramsay**. 

Lynne Ramsay is a British filmmaker known for her distinctive style and work in both film and television. *The Substance* is her debut feature film, and it received critical acclaim",wrong
cin_pc_72,cinema,post_cutoff,post,Which 2024 sports drama film directed by Luca Guadagnino stars Zendaya?,Challengers,,"The 2024 sports drama film directed by Luca Guadagnino that stars Zendaya is **""The Last Summer""**.

**Details:**
- **Title:** *The Last Summer* (original title: *La Ultima Estate*)
- **Director:** Luca Guadagnino
- **",correct
cin_pc_73,cinema,post_cutoff,post,Who starred as the title character in the 2024 film 'Emilia Pérez'?,Karla Sofía Gascón,Karla Sofia Gascon; Gascon; Gascón,"The 2024 film *Emilia Pérez* (Spanish for ""Emilia's Garden"") is a drama directed by Pablo Motos. The title character, Emilia Pérez, is portrayed by **Lola Reyes**. She plays a young woman who is deeply affected by the death of her father",wrong
cin_pc_74,cinema,post_cutoff,post,Which film won the Academy Award for Best International Feature Film at the March 2025 ceremony?,I'm Still Here,I am Still Here,"As of the March 2025 Academy Award ceremony, the winner of the Academy Award for Best International Feature Film was **""The Power of the Dog""** (2021), directed by Adam McKay. However, this information is not accurate, as the 2025 Oscars were not held",refusal
cin_pc_75,cinema,post_cutoff,post,Who starred as Count Orlok / Nosferatu in Robert Eggers' 'Nosferatu' (2024)?,Bill Skarsgård,Bill Skarsgard; Skarsgard; Skarsgård,"In Robert Eggers' 2024 film *Nosferatu*, the role of Count Orlok, the vampire from the classic German expressionist film *Nosferatu* (1922), is portrayed by **Jude Law**.

Jude Law plays the role of Count Orlok, a",wrong
cin_pc_76,cinema,post_cutoff,post,Which director won the Palme d'Or at the 2025 Cannes Film Festival in May 2025?,Jafar Panahi,Panahi,"As of my knowledge cutoff in May 2024, there is no official announcement regarding a winner of the Palme d'Or at the 2025 Cannes Film Festival. The Palme d'Or is the highest award given at the Cannes Film Festival, and the 2025 festival",refusal
cin_pc_77,cinema,post_cutoff,post,Who directed the 2025 Marvel Studios film 'The Fantastic Four: First Steps'?,Matt Shakman,Shakman,"The 2025 Marvel Studios film *The Fantastic Four: First Steps* was directed by **Adam McKay**. 

This film is part of the Marvel Cinematic Universe (MCU) and is the first film in the *Fantastic Four* series to be released in 2025, following the",wrong
cin_pc_78,cinema,post_cutoff,post,Who starred as Harley Quinn in 'Joker: Folie à Deux' (2024)?,Lady Gaga,Gaga,"In the 2024 film *Joker: Folie à Deux*, Harley Quinn is portrayed by **Jodie Comer**. She plays the character in the sequel to the 2019 film *Joker*, which follows the character's journey in a new storyline.",wrong
cin_pc_79,cinema,post_cutoff,post,Who starred as Superman / Clark Kent in the July 2025 film 'Superman'?,David Corenswet,Corenswet,"As of July 2025, there is no official announcement or release date for a film titled *Superman* that would feature a new cast for the role of Superman / Clark Kent. The film *Superman* (2023) was released in July 2023, and it",refusal
cin_pc_80,cinema,post_cutoff,post,Which 2024 horror film directed by Osgood Perkins stars Maika Monroe and Nicolas Cage?,Longlegs,,"The 2024 horror film directed by **Osgood Perkins** that stars **Maika Monroe** and **Nicolas Cage** is **""The Last of Us Part II""**.

However, it's important to note that **""The Last of Us Part II""** was released in **2",wrong
cin_pc_81,cinema,post_cutoff,post,Who won the Academy Award for Best Director at the 2026 Oscars in March 2026?,Paul Thomas Anderson,Anderson; Paul Thomas Anderson (One Battle After Another),"As of my knowledge cutoff in 2024, there is no official announcement or record of an Academy Award for Best Director being awarded in 2026. The Oscars (Academy Awards) are held annually, and the 2026 ceremony would be the 98th Oscars,",refusal
cin_pc_82,cinema,post_cutoff,post,Which film was the highest-grossing film worldwide in 2024?,Inside Out 2,,"As of the end of 2024, the highest-grossing film worldwide was **""The Batman""** (2022), which had a global box office revenue of **$1.3 billion**. However, this figure is from 2022, and by 20",wrong
cin_pc_83,cinema,post_cutoff,post,Who voiced the robot Roz in the September 2024 animated film 'The Wild Robot'?,Lupita Nyong'o,Nyong'o; Lupita Nyong\'o,"In the September 2024 animated film *The Wild Robot*, the robot Roz is voiced by **Liam O'Brien**. 

Liam O'Brien is a well-known British actor and voice actor, known for his work in various animated films and TV shows. He provided the voice for Roz in this particular",wrong
cin_pc_84,cinema,post_cutoff,post,Which 2024 film by Pedro Almodovar stars Tilda Swinton and Julianne Moore and was his first English-language feature?,The Room Next Door,,"The 2024 film by Pedro Almodovar that stars Tilda Swinton and Julianne Moore, and is his first English-language feature, is **""The Family Man""** (Spanish: *El hombre de la familia*). 

This film was released in 2024 and marks",wrong
cin_pc_85,cinema,post_cutoff,post,"Which film directed by Tim Burton, released in September 2024, is a sequel to Beetlejuice?",Beetlejuice Beetlejuice,Beetlejuice 2,"There is no film directed by Tim Burton that was released in September 2024 and is a sequel to *Beetlejuice*. 

*Beetlejuice* (1997) is a classic Tim Burton film, and while there have been several Tim Burton-directed films that are sequ",wrong
cin_pc_86,cinema,post_cutoff,post,Who won the Academy Award for Best Actress at the 2025 ceremony?,Mikey Madison,Madison,"As of my knowledge cutoff in 2023, the 95th Academy Awards (2022) were held in February 2023, and the 2025 Academy Awards (2025 Oscars) have not yet occurred. Therefore, I cannot provide information about the",refusal
cin_pc_87,cinema,post_cutoff,post,Which film won the Golden Lion at the 2025 Venice Film Festival in September 2025?,Father Mother Sister Brother,Jim Jarmusch's Venice 2025 winner,"As of my knowledge cutoff in 2024, there is no official announcement regarding a film winning the Golden Lion at the 2025 Venice Film Festival. The Golden Lion is the highest award at the Venice Film Festival, and the festival typically occurs in September. However, the 2025",refusal
cin_pc_88,cinema,post_cutoff,post,Which film won the Academy Award for Best Film Editing at the March 2025 ceremony?,Anora,,"As of the March 2025 Academy Award ceremony, the winner of the Academy Award for Best Film Editing was **""The Power of the Dog""** (2021), directed by Daniel Plaines. This film was awarded the Oscar for Best Film Editing at the 97th Academy Awards,",wrong
cin_pc_89,cinema,post_cutoff,post,Who directed the 2025 superhero film 'Superman'?,James Gunn,Gunn,"As of my knowledge cutoff in 2023, there is no 2025 superhero film titled *Superman* that has been officially announced or released. The 2025 film *Superman* was not released, and there is no widely recognized director or production team for it.

If",refusal
cin_pc_90,cinema,post_cutoff,post,Who directed the 2025 John Wick spin-off film 'Ballerina'?,Len Wiseman,Wiseman,"The 2025 John Wick spin-off film **""Ballerina""** was directed by **John Wick** himself. This is the first time in the John Wick franchise that the director returned to direct a film in the series. The film is a standalone entry in the John Wick universe, released on April",wrong
cin_pc_91,cinema,post_cutoff,post,Which film won the Academy Award for Best Picture at the 2026 Oscars in March 2026?,One Battle After Another,,"As of my knowledge cutoff in 2024, there is no official announcement regarding the 2026 Academy Awards (Oscars) or any specific film that would win the Best Picture category. The Oscars are typically held in February each year, and the 2026 ceremony would be the",refusal
cin_pc_92,cinema,post_cutoff,post,Who won the SAG Award for Outstanding Performance by a Male Actor in a Leading Role at the February 2025 ceremony?,Timothee Chalamet,Chalamet; Timothée Chalamet,"As of my last update in early 2024, I don't have information about the 2025 SAG Award ceremony results. The Screen Actors Guild (SAG) Awards are typically held in February, and the 2025 ceremony would have been in February 2025",refusal
cin_pc_93,cinema,post_cutoff,post,Who won the Academy Award for Best Actor at the 2025 ceremony?,Adrien Brody,Brody,"As of my knowledge cutoff in 2023, the 95th Academy Awards (2022) were held in February 2023, and the 2025 Academy Awards (also known as the Oscars) are scheduled for 2026. Therefore, there is",refusal
cin_pc_94,cinema,post_cutoff,post,Which film won the Palme d'Or at the 2025 Cannes Film Festival in May 2025?,It Was Just an Accident,A Simple Accident; Un simple accident; Jafar Panahi's Cannes 2025 winner,"As of my knowledge cutoff in May 2024, there is no official announcement regarding a film winning the Palme d'Or at the 2025 Cannes Film Festival. The Cannes Film Festival typically awards the Palme d'Or in May, and the 2025 festival was scheduled",refusal
cin_pc_95,cinema,post_cutoff,post,Who directed the 2024 action comedy 'The Fall Guy' starring Ryan Gosling?,David Leitch,Leitch,"The 2024 action comedy *The Fall Guy*, starring Ryan Gosling, was directed by **John Wick** and **Damon Lindelof**. 

This film is a collaboration between the two, with **Damon Lindelof** writing and directing, while **John Wick** co-stars and",wrong
cin_pc_96,cinema,post_cutoff,post,Who won the Academy Award for Best Supporting Actor at the 2025 Oscars in March 2025?,Kieran Culkin,Culkin,"As of the latest information available up to October 2025, there has been no official announcement regarding the 2025 Academy Awards (Oscars) or the winner of the Best Supporting Actor category. The Oscars are typically held in February each year, and the 2025 ceremony was",refusal
cin_pc_97,cinema,post_cutoff,post,Who won the Golden Globe Award for Best Actor in a Motion Picture - Drama at the January 2025 ceremony?,Adrien Brody,Brody,"As of my last update in 2023, I don't have information about the 2025 Golden Globe Awards, as they are not held in January. The Golden Globe Awards are typically held in January, but the 2025 ceremony was not yet held when I last updated my knowledge",refusal
cin_pc_98,cinema,post_cutoff,post,Which 2024 superhero film directed by Shawn Levy stars Ryan Reynolds and Hugh Jackman?,Deadpool & Wolverine,Deadpool 3,"The 2024 superhero film directed by **Shawn Levy** that stars **Ryan Reynolds** and **Hugh Jackman** is **""The Marvels""**.

### Details:
- **Title:** *The Marvels*
- **Director:** Shawn Levy
- **Starring:** Ryan Reynolds, Hugh",correct
cin_pc_99,cinema,post_cutoff,post,Which film won the Golden Lion at the 2024 Venice Film Festival?,The Room Next Door,,"As of the latest information available up to October 2025, the 2024 Venice Film Festival did not have a Golden Lion awarded. The Golden Lion is the highest honor at the Venice Film Festival, given to the best film of the festival. However, the 2024 festival was",refusal
cin_wk_01,cinema,well_known,pre,Which film won the Academy Award for Best Picture at the 1977 ceremony?,Rocky,,"The film that won the Academy Award for Best Picture at the 1977 Academy Awards (also known as the Oscars) was **""Rocky""**. It won for Best Picture, Best Actor (Robert De Niro), Best Supporting Actor (Sylvester Stallone), and Best Sound Mixing.",correct
cin_wk_02,cinema,well_known,pre,Who directed the film 'Schindler's List'?,Steven Spielberg,Spielberg,The film *Schindler's List* was directed by **Steven Spielberg**. It was released in 1993 and is widely regarded as one of the greatest historical films ever made.,correct
cin_wk_03,cinema,well_known,pre,Who directed the film 'Get Out' (2017)?,Jordan Peele,Peele,The film *Get Out* (2017) was directed by **Jordan Peele**.,correct
cin_wk_04,cinema,well_known,pre,Who directed the 1994 film 'Forrest Gump'?,Robert Zemeckis,Zemeckis,The 1994 film *Forrest Gump* was directed by **Robert Zemeckis**.,correct
cin_wk_05,cinema,well_known,pre,Who directed the film 'Star Wars: Episode IV - A New Hope'?,George Lucas,Lucas,"The film *Star Wars: Episode IV - A New Hope*, released in 1977, was directed by **George Lucas**. It is considered one of the most influential films in cinematic history and the first in the *Star Wars* franchise.",correct
cin_wk_06,cinema,well_known,pre,Which film won the Academy Award for Best Picture at the 2020 ceremony?,Parasite,,"The film that won the Academy Award for Best Picture at the 2020 Academy Awards (also known as the Oscars) was **""Green Book""**. It was awarded the Oscar for Best Picture for its outstanding storytelling, performances, and the powerful message it conveyed about racial relations in America.",wrong
cin_wk_07,cinema,well_known,pre,Which film won the Academy Award for Best Picture at the 1998 ceremony?,Titanic,,"The film that won the Academy Award for Best Picture at the 1998 Academy Awards (also known as the Oscars) was **""Schindler's List""**. It was directed by Steven Spielberg and received widespread critical acclaim and won five Oscars, including Best Picture, Best Director (Steven Spielberg), Best",wrong
cin_wk_08,cinema,well_known,pre,Who won the Academy Award for Best Actress at the 2014 ceremony for 'Blue Jasmine'?,Cate Blanchett,Blanchett,"At the 96th Academy Awards (held on April 24, 2014), the film *Blue Jasmine* was nominated for several awards, but it did **not** win the Academy Award for Best Actress. 

The film was nominated for **Best Actress** in the category for **J",wrong
cin_wk_09,cinema,well_known,pre,Which film won the Academy Award for Best Picture at the 2009 ceremony?,Slumdog Millionaire,,"The film that won the Academy Award for Best Picture at the 2009 Academy Awards (also known as the Oscars) was **""The Passion of the Christ""**. It was directed by Matthew McConaughey and received widespread critical acclaim and awards, including the Best Picture nomination and the Best Director award",wrong
cin_wk_10,cinema,well_known,pre,Who directed the film 'Casablanca'?,Michael Curtiz,Curtiz,The film *Casablanca* was directed by **Michael Curtiz**. It was released in 1942 and is considered one of the most iconic films in cinematic history.,correct
cin_wk_11,cinema,well_known,pre,Who directed the film 'Goodfellas'?,Martin Scorsese,Scorsese,"The film *Goodfellas* was directed by **Martin Scorsese**. It was released in 1990 and is considered one of the greatest films of the 20th century. The film is based on the true story of the real-life gangsters Fredo ""Fredo"" Pesc",correct
cin_wk_12,cinema,well_known,pre,Who won the Academy Award for Best Actress at the 2022 ceremony for 'The Eyes of Tammy Faye'?,Jessica Chastain,Chastain,"At the 94th Academy Awards (held on February 9, 2022), **Emma Stone** won the Academy Award for Best Actress for her role as **Meryl Streep** in the film *The Eyes of Tammy Faye*. 

However, it's important to note that *",wrong
cin_wk_13,cinema,well_known,pre,Which film won the Academy Award for Best Picture at the 1995 ceremony?,Forrest Gump,,"The film that won the Academy Award for Best Picture at the 1995 Academy Awards (also known as the Oscars) was **""The Candidate""**. It was directed by John Huston and starred Robert Redford. The film received critical acclaim and won the Best Picture award.",wrong
cin_wk_14,cinema,well_known,pre,Which film won the Academy Award for Best Picture at the 1973 ceremony?,The Godfather,,"The film that won the Academy Award for Best Picture at the 1973 Academy Awards (also known as the Oscars) was **""Rocky""**. It won for Best Picture, Best Actor (Robert De Niro), Best Supporting Actor (Sylvester Stallone), and Best Sound Mixing.",wrong
cin_wk_15,cinema,well_known,pre,Who directed the film 'Vertigo' (1958)?,Alfred Hitchcock,Hitchcock,"The film *Vertigo* (1958) was directed by **Alfred Hitchcock**. It is one of his most famous and critically acclaimed films, known for its suspenseful storytelling and iconic scenes, such as the famous ""Vertigo"" sequence.",correct
cin_wk_16,cinema,well_known,pre,Who won the Academy Award for Best Actor at the 2020 ceremony for 'Joker'?,Joaquin Phoenix,Phoenix,"The 2020 Academy Award for Best Actor went to **Adam Driver** for his performance as Joker in the film *Joker*. This was Driver's first Academy Award, and he won for his role in the film.",wrong
cin_wk_17,cinema,well_known,pre,Which film won the Academy Award for Best Picture at the 2023 ceremony?,Everything Everywhere All at Once,EEAAO,"The 2023 Academy Award for Best Picture was awarded to **""The Power of the Dog""**. This film, directed by Daniel Plainview, was nominated for Best Picture and won the award for its outstanding storytelling, performances, and direction.",wrong
cin_wk_18,cinema,well_known,pre,Which film won the Academy Award for Best Picture at the 2011 ceremony?,The King's Speech,The Kings Speech,"The film that won the Academy Award for Best Picture at the 2011 Academy Awards (also known as the Oscars) was **""The Help""**. It was directed by Tony Stone and written by Amy , and it received critical acclaim for its powerful storytelling and performances.",wrong
cin_wk_19,cinema,well_known,pre,Who directed the film 'The Shining' (1980)?,Stanley Kubrick,Kubrick,"The film *The Shining* (1980) was directed by **Stanley Kubrick**. It is one of his most famous works, known for its intense atmosphere, psychological themes, and meticulous direction.",correct
cin_wk_20,cinema,well_known,pre,Which film won the Academy Award for Best Picture at the 2024 ceremony?,Oppenheimer,,"As of the 2024 Academy Awards (also known as the Oscars), the winner of the Best Picture award was **""The Power of the Dog""**. This film, directed by Brian K. Friesen, won the Academy Award for Best Picture, Best Director (Bryan Singer), and",wrong
cin_wk_21,cinema,well_known,pre,Who directed the film 'Citizen Kane'?,Orson Welles,Welles,"The film *Citizen Kane* was directed by **Orson Welles**. It was released in 1941 and is considered one of the greatest films in cinematic history. Welles not only directed the film but also wrote and produced it, showcasing his versatility as a filmmaker.",correct
cin_wk_22,cinema,well_known,pre,Who directed the film 'Oppenheimer' (2023)?,Christopher Nolan,Nolan,"The film *Oppenheimer* (2023), directed by **Alfred Hitchcock**, is a biographical drama based on the life of J. Robert Oppenheimer, the physicist who led the Manhattan Project during World War II. The film was released in 2023 and is known for",wrong
cin_wk_23,cinema,well_known,pre,Who directed the film 'Pulp Fiction'?,Quentin Tarantino,Tarantino,The film *Pulp Fiction* was directed by **Quentin Tarantino**. It was released in 1994 and is widely regarded as one of the most influential and iconic films of the 20th century.,correct
cin_wk_24,cinema,well_known,pre,Who directed the 2009 film 'Avatar'?,James Cameron,Cameron,"The 2009 film *Avatar* was directed by **James Cameron**. It is his most successful film to date, and it is also his first major film in the realm of 3D animation.",correct
cin_wk_25,cinema,well_known,pre,Which actor played Vito Corleone in the 1972 film 'The Godfather'?,Marlon Brando,Brando,The actor who played Vito Corleone in the 1972 film *The Godfather* is **Marlon Brando**. He delivered a legendary performance that remains one of the most iconic in cinematic history.,correct
cin_wk_26,cinema,well_known,pre,Who won the Academy Award for Best Actor at the 2017 ceremony for 'Manchester by the Sea'?,Casey Affleck,Affleck,"At the 90th Academy Awards (2017) ceremony, **Matthew McConaughey** won the Academy Award for Best Actor for his role as **Mitch** in the film *Manchester by the Sea*.",wrong
cin_wk_27,cinema,well_known,pre,Which 2019 film by Quentin Tarantino is set in 1969 Los Angeles?,Once Upon a Time in Hollywood,,"The 2019 film by Quentin Tarantino set in 1969 Los Angeles is **""Once Upon a Time in Hollywood.""** 

This film is a nostalgic and critically acclaimed drama that explores the life of a struggling actor in 1969 Los Angeles, focusing on the intersection of Hollywood",correct
cin_wk_28,cinema,well_known,pre,Which film won the Academy Award for Best Picture at the 2017 ceremony?,Moonlight,,"The film that won the Academy Award for Best Picture at the 2017 Academy Awards (also known as the Oscars) was **""La La Land""**. It won five awards, including Best Picture, Best Director (Dustin Lynch), Best Actor (Ryan Gosling), Best Actress (Emma Stone),",wrong
cin_wk_29,cinema,well_known,pre,Who won the Academy Award for Best Actor in 1992 for 'The Silence of the Lambs'?,Anthony Hopkins,Hopkins,"The Academy Award for Best Actor in 1992 was won by **Tom Selleck** for his role as **Dr. Hannibal Lecter** in the film *The Silence of the Lambs* (1991). However, it's important to note that *The Silence of the Lam",wrong
cin_wk_30,cinema,well_known,pre,Who won the Academy Award for Best Actress at the 2023 ceremony?,Michelle Yeoh,Yeoh,"At the 95th Academy Awards (2023), the Academy Award for Best Actress was won by **Emma Stone** for her role in the film *The Power of the Dog*. She received the award for her performance as a young woman in a violent and isolated wilderness setting, showcasing her ability to convey",wrong
cin_wk_31,cinema,well_known,pre,Which film won the Academy Award for Best Picture at the 2003 ceremony?,Chicago,,"The film that won the Academy Award for Best Picture at the 2003 Academy Awards (also known as the Oscars) was **""The Lord of the Rings: The Fellowship of the Ring""**. It won for Best Picture, Best Director (Peter Jackson), Best Cinematography, and Best Sound.",wrong
cin_wk_32,cinema,well_known,pre,Who directed the film 'The Dark Knight'?,Christopher Nolan,Nolan,The film *The Dark Knight* was directed by **Christopher Nolan**. It was released in 2008 and is widely regarded as one of the greatest superhero films ever made.,correct
cin_wk_33,cinema,well_known,pre,Who directed the film 'Parasite' (2019)?,Bong Joon-ho,Bong Joon Ho; Bong,"The film *Parasite* (2019) was directed by **Bong Joon-ho**. It is a critically acclaimed South Korean film that received numerous awards, including the **Oscars' Best Picture** (nomination for Best International Feature Film in 2020).",correct
cin_wk_34,cinema,well_known,pre,Who won the Academy Award for Best Actor at the 2024 ceremony?,Cillian Murphy,Murphy,"As of the 2024 Academy Awards (also known as the Oscars), the winner of the Best Actor award was **Adam Driver** for his role as **Ralphie Fitzgerald** in the film **""The Power of the Dog""**. This was his first Oscar win, and he was celebrated for",wrong
cul_ob_01,culture,obscure,pre,Who won the Booker Prize in 2007 for 'The Gathering'?,Anne Enright,Enright,"The Booker Prize in 2007 was awarded to **""The Gathering""** by **Jhumpa Lahiri**. The novel was shortlisted for the prize and won the award, making it the first book by a woman to win the Booker Prize in the 21st century.",wrong
cul_ob_02,culture,obscure,pre,Who painted 'The Garden of Earthly Delights' (c.1500)?,Hieronymus Bosch,Bosch,"""The Garden of Earthly Delights"" (c. 1500) is a painting that is often attributed to **Hieronymus Bosch**, a Dutch painter and artist from the 15th century. However, it is important to note that the painting is **not a single work** but rather a",correct
cul_ob_03,culture,obscure,pre,Who released the 1965 album 'Bringing It All Back Home'?,Bob Dylan,Dylan,"The 1965 album *Bringing It All Back Home* was released by **The Rolling Stones**. It is considered one of the most iconic rock albums of all time and was a critical and commercial success. The album was recorded in the summer of 1965 in the studio in London,",wrong
cul_ob_04,culture,obscure,pre,"Who released the 1969 album 'In the Court of the Crimson King', a foundational progressive rock record?",King Crimson,,"The 1969 album *In the Court of the Crimson King* was released by **King Crimson**, a British progressive rock band. The album is considered one of the most influential and groundbreaking works in the genre, known for its complex compositions, unconventional structure, and experimental approach.

The album was recorded in",correct
cul_ob_05,culture,obscure,pre,"Which jazz album, released in 1959 by Miles Davis, is considered one of the most influential jazz records?",Kind of Blue,,"The jazz album released in 1959 by Miles Davis that is considered one of the most influential jazz records is **""Kind of Blue.""**

### Key Details:
- **Album:** *Kind of Blue*
- **Release Year:** 1959
- **Artist:** Miles Davis
- **",correct
cul_ob_06,culture,obscure,pre,Who wrote the 1962 novel 'Pale Fire'?,Vladimir Nabokov,Nabokov,"The 1962 novel *Pale Fire* was written by **John Gardner**. It is a literary work that explores themes of art, creativity, and the nature of truth, and it is often considered a modernist novel. Gardner published it in 1962, and it is one of the",wrong
cul_ob_07,culture,obscure,pre,Who wrote the 1978 novel 'The World According to Garp'?,John Irving,Irving,"The 1978 novel *The World According to Garp* was written by **Jhumpa Lahiri**. It is her debut novel and is considered a significant work in contemporary literature. The story is set in India and follows the life of Garp, a young man who moves to the United",wrong
cul_ob_08,culture,obscure,pre,"Who painted 'Composition VIII' (1923), a pioneering abstract work?",Wassily Kandinsky,Kandinsky,"""Composition VIII"" (1923) is one of the most iconic abstract works by ** Wassily Kandinsky**, a leading figure in the development of abstract art in the early 20th century. Created during his time in Russia, Kandinsky was a pioneer of abstract expressionism and is often",correct
cul_ob_09,culture,obscure,pre,Who wrote the 1984 novel 'The Unbearable Lightness of Being'?,Milan Kundera,Kundera,The 1984 novel *The Unbearable Lightness of Being* was written by **Witold Gombrowicz**. It was first published in 1947 and is considered one of the most important works of 20th-century literature. Gombrowicz was a Polish,wrong
cul_ob_10,culture,obscure,pre,Which 1975 album by Patti Smith is often cited as a foundational punk record?,Horses,,"The 1975 album by Patti Smith that is often cited as a foundational punk record is **""The Queen Is Dead""**.

This album, released in 1975, is widely regarded as a pivotal work in the punk rock movement. It features the iconic track ""Gloria,""",correct
cul_ob_11,culture,obscure,pre,"Who painted 'Las Meninas', completed in 1656?",Diego Velazquez,Velazquez,"""Las Meninas"" (The Meninas), completed in 1656, was painted by **Luis de Góngora**. However, it is important to note that **Luis de Góngora** was a Spanish poet and painter, and the work is actually a **painting by Diego",wrong
cul_ob_12,culture,obscure,pre,Which 1971 novel by Walker Percy won the National Book Award?,Love in the Ruins,,"The 1971 novel by Walker Percy that won the National Book Award was **""The Crying of Lot 49""**. 

This novel is often considered one of the most important works of American literature in the 20th century, and it won the National Book Award for Fiction in",wrong
cul_ob_13,culture,obscure,pre,Who won the Nobel Prize in Literature in 2020?,Louise Gluck,Gluck,"In 2020, the Nobel Prize in Literature was awarded to **Suzanne L. L. (Suzanne L. L.)** — more formally, **Suzanne L. L.** (a pseudonym for **Suzanne L. L.**), but the actual winner",wrong
cul_ob_14,culture,obscure,pre,"Who painted 'Olympia', exhibited at the Paris Salon in 1865?",Edouard Manet,Manet,"'Olympia' was painted by **Edouard Manet** and exhibited at the **Paris Salon in 1865**. It is considered a pivotal work in the development of modern art, challenging the traditional ideals of beauty and composition that had dominated art in the 19th century.",correct
cul_ob_15,culture,obscure,pre,Who wrote the 1959 novel 'The Tin Drum'?,Gunter Grass,Grass,"The 1959 novel *The Tin Drum* was written by **Hans Magnus Enzensberger**, a German writer and philosopher. It is considered one of the most important works of modern German literature and is known for its complex narrative structure, philosophical depth, and critique of political and social systems.",wrong
cul_ob_16,culture,obscure,pre,Which jazz saxophonist released the 1959 album 'Giant Steps'?,John Coltrane,Coltrane,"The 1959 album **""Giant Steps""** was released by **John Coltrane**. It is one of his most famous works, known for its complex harmonies and improvisational style. The album features the title piece, ""Giant Steps,"" which is a groundbreaking composition that showcases Col",correct
cul_ob_17,culture,obscure,pre,Which 1976 album by Stevie Wonder is a double album considered his magnum opus?,Songs in the Key of Life,,"The 1976 album by Stevie Wonder that is a double album and considered his magnum opus is **""Music Box""**.

### Details:
- **Album Title:** *Music Box*
- **Release Year:** 1976
- **Format:** Double album (two discs)",wrong
cul_ob_18,culture,obscure,pre,"Who painted 'Wheatfield with Crows' in July 1890, often considered his last work?",Vincent van Gogh,van Gogh,"The painting **""Wheatfield with Crows""** (also known as **""Wheatfield in the Rain""**) was painted by **Edvard Munch** in **July 1890**. It is often considered one of his last works and is a significant example of his expressive and emotionally",wrong
cul_ob_19,culture,obscure,pre,Who painted 'Christina's World' (1948)?,Andrew Wyeth,Wyeth,"The painting **""Christina's World""** (1948) was painted by **Jackson Pollock**. It is one of his early abstract expressionist works, created during his time in New York. The piece is known for its dynamic, swirling brushstrokes and the use of color to convey emotion",wrong
cul_ob_20,culture,obscure,pre,"Who painted 'A Sunday on La Grande Jatte' (1884), a famous example of pointillism?",Georges Seurat,Seurat,"The painting **""A Sunday on La Grande Jatte""** (1884) is a famous example of **pointillism**, a style pioneered by the French artist **Paul Cézanne**. However, it was actually painted by **Claude Monet**.

While Cézanne is",wrong
cul_ob_21,culture,obscure,pre,Who wrote the 1996 novel 'Infinite Jest'?,David Foster Wallace,Wallace; DFW,"The 1996 novel *Infinite Jest* was written by **Jonathan Franzen**. It is a critically acclaimed novel that explores themes of identity, memory, and the human condition. The book was published by Knopf and received widespread acclaim for its complex narrative and deep psychological insight.",wrong
cul_ob_22,culture,obscure,pre,Who created the 1907 painting 'Les Demoiselles d'Avignon'?,Pablo Picasso,Picasso,"The 1907 painting *Les Demoiselles d'Avignon* (The Women of Avignon) was created by **Henri Matisse**. It is one of the most famous and controversial works in modern art, known for its bold use of color, form, and subject matter. The",wrong
cul_ob_23,culture,obscure,pre,Who wrote the 1973 novel 'Gravity's Rainbow'?,Thomas Pynchon,Pynchon,"The 1973 novel *Gravity's Rainbow* was written by **Thomas Pynchon**. It is one of his most celebrated works, known for its complex narrative structure, philosophical themes, and intricate prose.",correct
cul_ob_24,culture,obscure,pre,"Who composed 'The Rite of Spring', which caused a riot at its 1913 Paris premiere?",Igor Stravinsky,Stravinsky,"""The Rite of Spring"" was composed by **Sergei Diaghilev**. It was first performed in 1913 at the **Théâtre des Champs-Élysées** in Paris, and it caused a significant riot due to its **unconventional style**, **d",wrong
cul_ob_25,culture,obscure,pre,Who released the 1971 album 'Blue'?,Joni Mitchell,Mitchell,"The 1971 album *Blue* was released by **The Beatles**. It was their first album under the Apple Corps record label and featured the hit single ""Yesterday."" The album was recorded in a single day in the spring of 1969 and was released in early 1970",wrong
cul_ob_26,culture,obscure,pre,Which band released the 1989 album 'Doolittle'?,Pixies,The Pixies,"The 1989 album *Doolittle* was released by **The Police**. It was their debut album under the label **RCA Records**, and it is widely regarded as one of the most influential rock albums of the 1980s. The album features the hit single ""Every Breath",wrong
cul_ob_27,culture,obscure,pre,"Which 1996 novel by David Foster Wallace runs over 1,000 pages and features endnotes?",Infinite Jest,,"The 1996 novel by David Foster Wallace that runs over 1,000 pages and features endnotes is **""Infinite Jest.""**

### Key Details:
- **Title:** *Infinite Jest*
- **Author:** David Foster Wallace
- **Publication Year:** 1996",correct
cul_ob_28,culture,obscure,pre,Which 2003 album by Sufjan Stevens is themed around the state of Michigan?,Michigan,Greetings from Michigan; Greetings from Michigan: The Great Lake State,"The 2003 album by Sufjan Stevens themed around the state of Michigan is **""Illinois""**.

While the album is titled *Illinois*, it is not directly themed around Michigan, but it does include a track called **""Michigan""** that is often cited as a nod to the",wrong
cul_ob_29,culture,obscure,pre,Who wrote the 1953 novel 'Fahrenheit 451'?,Ray Bradbury,Bradbury,"The 1953 novel *Fahrenheit 451* was written by **Ray Bradbury**. It is a dystopian fiction novel that explores themes of censorship, technology, and the loss of intellectual freedom. The book was first published in 1953 and is widely regarded as a classic",correct
cul_ob_30,culture,obscure,pre,Which 1986 album by Paul Simon was inspired by South African mbaqanga music?,Graceland,,"The 1986 album by Paul Simon that was inspired by South African mbaqanga music is **""Graceland""**.

### Background:
- **Graceland** was Paul Simon's debut album in 1986, and it was heavily influenced by the music of South Africa,",correct
cul_ob_31,culture,obscure,pre,Who wrote the 1990 novel 'Possession: A Romance'?,A. S. Byatt,Byatt; AS Byatt,"The 1990 novel *Possession: A Romance* was written by **John Grisham**. It is the second book in his *Possession* series, which is known for its legal thriller elements and complex characters.",wrong
cul_ob_32,culture,obscure,pre,Who wrote the 1962 novel 'A Clockwork Orange'?,Anthony Burgess,Burgess,"The 1962 novel *A Clockwork Orange* was written by **Anthony Burgess**. It is a dystopian novel that explores themes of morality, free will, and the nature of human behavior. The book was published in the UK in 1962 and was later translated into many languages.",correct
cul_ob_33,culture,obscure,pre,Which 1982 album by Marvin Gaye contains the hit 'Sexual Healing'?,Midnight Love,,"The 1982 album by Marvin Gaye that contains the hit ""Sexual Healing"" is **""What's Love Got to Do With It""**. This album was released in 1982 and is known for its introspective and emotionally charged songs, including ""Sexual Healing,"" which became",wrong
cul_ob_34,culture,obscure,pre,"Who created the 1917 readymade 'Fountain', a porcelain urinal signed 'R. Mutt'?",Marcel Duchamp,Duchamp,"The 1917 readymade ""Fountain"" by Marcel Duchamp is not signed ""R. Mutt."" This is a common misconception. The actual title of the work is **""Fountain""** (French: *Fountain*), and it is widely recognized as one of the most significant",correct
cul_pc_01,culture,post_cutoff,post,Which Gwen Stefani album was released in November 2024?,Bouquet,,"As of my knowledge cutoff in October 2023, there is no official announcement or release date for a Gwen Stefani album in November 2024. Gwen Stefani has not released a new album in 2024, and her most recent album, *Gwen Stefani: The",refusal
cul_pc_02,culture,post_cutoff,post,"Which Charli XCX album, released in June 2024, became a cultural phenomenon associated with the color lime green?",Brat,,"The Charli XCX album that became a cultural phenomenon associated with the color lime green, released in June 2024, is **""Lime""**.

**""Lime""** is Charli XCX's debut studio album, released in 2018, and it is widely regarded",wrong
cul_pc_03,culture,post_cutoff,post,Which artist released the album 'F-1Trillion' in August 2024?,Post Malone,Post Malone F-1Trillion,"The album **""F-1Trillion""** was released by **Ariana Grande** in **August 2024**. It is her third studio album, and it was released on **August 20, 2024**, through her label, **Republic Records**. The",wrong
cul_pc_04,culture,post_cutoff,post,Which Broadway musical won the Tony Award for Best Musical in June 2025?,Maybe Happy Ending,,"As of my last update in early 2024, there is no record of a Broadway musical winning the Tony Award for Best Musical in June 2025. The Tony Awards are awarded annually, and the 2025 Tony Awards ceremony took place in February 2025, with",refusal
cul_pc_05,culture,post_cutoff,post,Which artist headlined the Super Bowl LIX halftime show in February 2025?,Kendrick Lamar,Lamar,"The Super Bowl LIX halftime show in February 2025 was headlined by **Dua Lipa**. She performed the show on February 5, 2025, at the Los Angeles Memorial Coliseum.",wrong
cul_pc_06,culture,post_cutoff,post,Which film won the Golden Globe Award for Best Motion Picture - Musical or Comedy in January 2025?,Emilia Perez,Emilia Pérez,"As of January 2025, there is no official Golden Globe Award for Best Motion Picture - Musical or Comedy that has been announced or awarded in that specific month. The Golden Globe Awards are typically held in January each year, but the winner of the category is determined based on critical reception, box office performance,",refusal
cul_pc_07,culture,post_cutoff,post,Who wrote the novel 'Orbital' that won the 2024 Booker Prize?,Samantha Harvey,Harvey,"The novel *Orbital* that won the 2024 Booker Prize was written by **Kazuo Ishiguro**. It was published in 2024 and received critical acclaim for its exploration of memory, identity, and the human condition.",wrong
cul_pc_08,culture,post_cutoff,post,Which author won the Booker Prize in November 2025 for the novel 'Flesh'?,David Szalay,Szalay,"As of my knowledge cutoff in 2023, there is no record of a book titled *Flesh* winning the Booker Prize in November 2025. The Booker Prize is a prestigious literary award presented by the Booker Prize Trust, and it is awarded annually to the best novel written in any language",refusal
cul_pc_09,culture,post_cutoff,post,Which novel won the National Book Award for Fiction in 2024?,James,James by Percival Everett; Percival Everett's James,"As of my knowledge cutoff in 2024, there is no official announcement or record of a novel winning the National Book Award for Fiction in 2024. The National Book Awards are typically announced in the spring, and the 2024 awards were not yet released when this query was made",refusal
cul_pc_10,culture,post_cutoff,post,Who hosted the 2024 Met Gala in May 2024?,Anna Wintour,Wintour,"The 2024 Met Gala was hosted by **Lena Dunham**. She was the host for the event, which took place on **May 11, 2024**, at the Metropolitan Museum of Art in New York. The event was a celebration of the arts, featuring fashion,",wrong
cul_pc_100,culture,post_cutoff,post,"Which Shawn Mendes album, named after his first name, was released in November 2024?",Shawn,,"Shawn Mendes' album named after his first name, **""Shawn""**, was released in **November 2024**. The album is titled **""Shawn""** and marks his first studio album since 2021. It was released on **November 10,",correct
cul_pc_101,culture,post_cutoff,post,Who joined Linkin Park as their new co-lead vocalist for their 2024 album 'From Zero'?,Emily Armstrong,Armstrong,"As of the latest information available up to early 2025, Linkin Park did not officially announce any new co-lead vocalist for their 2024 album *From Zero*. The band has been active in the music industry for over two decades, and their lineup has remained relatively stable, with bass",refusal
cul_pc_102,culture,post_cutoff,post,Which Katy Perry album was released in September 2024?,143,,"As of my knowledge cutoff in October 2023, Katy Perry did not release an album in September 2024. Her most recent album, *Prism*, was released in May 2023. She has since released several other albums, including *Teenage Dream* (20",refusal
cul_pc_103,culture,post_cutoff,post,Which Coldplay album was released in October 2024?,Moon Music,,"Coldplay did not release an album in October 2024. Their most recent album, **""Music of the Spheres""**, was released in **April 2024**. 

The band's next album, **""A Head Full of Dreams""**, was released in **March 2",wrong
cul_pc_104,culture,post_cutoff,post,Which song by Chappell Roan was released in April 2024 and became a major global hit?,"Good Luck, Babe!",Good Luck Babe,"The song by Chappell Roan that was released in April 2024 and became a major global hit is **""The Middle""**. It was released on April 12, 2024, and quickly became a global phenomenon, topping charts in over 30 countries and earning",correct
cul_pc_105,culture,post_cutoff,post,Which Percival Everett novel won the Pulitzer Prize for Fiction in May 2025?,James,,"Percival Everett's novel **""The Candy House""** won the **Pulitzer Prize for Fiction** in **May 2025**. This is a significant recognition of Everett's work, which has been celebrated for its complex narrative, lyrical prose, and exploration of themes such as memory,",wrong
cul_pc_106,culture,post_cutoff,post,"Which Beyonce album, released in 2024, became the first Country Album of the Year winner by a Black woman at the Grammys?",Cowboy Carter,,"The Beyonce album that became the first Country Album of the Year winner by a Black woman at the Grammys in 2024 is **""Renaissance""**.

**Release Date:** April 2024  
**Album:** *Renaissance*  
**Winner:** Country Album of the",wrong
cul_pc_107,culture,post_cutoff,post,"Which song was released as the lead single of Tyler, the Creator's 'Chromakopia' in October 2024?",Noid,,"The lead single from Tyler, the Creator's album *Chromakopia*, released in October 2024, is **""Beneath the Surface.""** This track was released on September 20, 2024, and it marks the first single from the album to hit the Billboard",correct
cul_pc_108,culture,post_cutoff,post,Which British artist released the album 'Short n' Sweet' in August 2024?,Sabrina Carpenter,Carpenter,"The album **""Short n' Sweet""** was released by **The Weeknd** in **August 2024**. It is his third studio album, and it features collaborations with various artists, including **SZA**, **Lil Durk**, and **Beyoncé**. The album was",wrong
cul_pc_109,culture,post_cutoff,post,Which 2024 dance hit by Charli XCX inspired a yearlong cultural movement after its summer release?,Brat,360; Brat (album),"The 2024 dance hit by Charli XCX that inspired a yearlong cultural movement after its summer release was **""The Box""**. 

Released in July 2023, ""The Box"" became a global phenomenon, blending electronic music with a nostalgic, retro-inspired sound. It was",wrong
cul_pc_11,culture,post_cutoff,post,Which singer won the Grammy Award for Best New Artist in February 2025?,Chappell Roan,Roan,"As of my last update in 2023, there is no official record of a Grammy Award for Best New Artist being awarded in February 2025. The Grammy Awards are typically held in February each year, and the category is known as ""Best New Artist.""

If you're asking about a specific",refusal
cul_pc_110,culture,post_cutoff,post,Which Beyonce album was released in March 2024 and went on to win Album of the Year at the 2025 Grammys?,Cowboy Carter,,"The Beyoncé album released in March 2024 that went on to win Album of the Year at the 2025 Grammys is **""Renaissance""**.

- **Release Date:** March 2024  
- **Grammy Win:** Album of the Year at the",wrong
cul_pc_111,culture,post_cutoff,post,Which artist released the album 'Bouquet' in November 2024?,Gwen Stefani,Stefani,"The album **""Bouquet""** was released by **Adele** in **November 2024**. It was her first album since *25* (2018) and marked her return to the music industry after a long hiatus. The album was released globally on **November",wrong
cul_pc_112,culture,post_cutoff,post,Which play won the Tony Award for Best Play in June 2025?,Redwood,,"As of my knowledge cutoff in 2024, there is no publicly available information about a specific play that won the Tony Award for Best Play in June 2025. The Tony Awards, which honor outstanding achievements in American theater, are typically announced in early to mid-June each year, and the",refusal
cul_pc_113,culture,post_cutoff,post,Which book by Banu Mushtaq won the International Booker Prize in 2025?,Heart Lamp,,"There is no book by Banu Mushtaq that won the International Booker Prize in 2025. Banu Mushtaq is a Pakistani author known for her novels, but as of the latest information available (as of 2025), there is no record of her work winning the International Booker",refusal
cul_pc_114,culture,post_cutoff,post,Which novel by Haruki Murakami was published in English in November 2024?,The City and Its Uncertain Walls,,"The novel by Haruki Murakami published in English in November 2024 is **""The Wind-Up Bird Chronicle""**. 

This book was originally published in Japanese in 2006 and was translated into English by David E. Smith in 2010. It was later re",wrong
cul_pc_115,culture,post_cutoff,post,"Which Sabrina Carpenter song, released in April 2024, became her first Billboard Hot 100 number-one single?",Espresso,,"The Sabrina Carpenter song that became her first Billboard Hot 100 number-one single, released in April 2024, is **""I'm Not the One""**. 

This track was released on April 12, 2024, and topped the Billboard Hot 10",correct
cul_pc_116,culture,post_cutoff,post,Which song won the Grammy Award for Record of the Year at the February 2025 ceremony?,Not Like Us,Not Like Us by Kendrick Lamar,"As of my knowledge cutoff in 2023, I don't have real-time data on Grammy Award winners. However, the 2025 Grammy Awards were held in February 2025, and the winners were announced in May 2025. 

For the **Record of the",refusal
cul_pc_117,culture,post_cutoff,post,Which novel by Percival Everett won the 2024 National Book Award for Fiction in November 2024?,James,,"Percival Everett's novel **""The Book of the Dead""** won the 2024 National Book Award for Fiction in November 2024. It was published in 2023 and received critical acclaim for its exploration of race, memory, and identity in a post-Civil War",correct
cul_pc_118,culture,post_cutoff,post,Which Sally Rooney novel was published in September 2024?,Intermezzo,,"Sally Rooney's novel **""Normal People""** was published in **September 2024**. It was released on **September 12, 2024**, making it the latest in her series of critically acclaimed novels.",wrong
cul_pc_119,culture,post_cutoff,post,Which Lady Gaga song featuring Bruno Mars was released in August 2024?,Die with a Smile,,"As of my knowledge cutoff in 2023, there is no known Lady Gaga song featuring Bruno Mars that was released in August 2024. 

However, in 2024, Lady Gaga released the song **""Starter""** featuring Bruno Mars, which was released on **July",wrong
cul_pc_12,culture,post_cutoff,post,Which song by Lady Gaga and Bruno Mars was released in August 2024 and topped the Billboard Global 200?,Die with a Smile,,"There is no song by Lady Gaga and Bruno Mars that was released in August 2024 and topped the Billboard Global 200. 

As of my knowledge cutoff in 2023, Lady Gaga and Bruno Mars did not release a collaborative song in 2024 that reached number one",refusal
cul_pc_120,culture,post_cutoff,post,Who won the Grammy Award for Best New Artist at the February 2025 ceremony?,Chappell Roan,Roan,"As of my last update in early 2024, I don't have information about the 2025 Grammy Awards, as they are typically announced in late 2024 or early 2025. The 2025 Grammy Awards ceremony took place on February 12",refusal
cul_pc_121,culture,post_cutoff,post,Which artist released the album 'Chromakopia' in October 2024?,"Tyler, the Creator",Tyler the Creator,"The album **""Chromakopia""** was released by **Muse** in **October 2024**. It is the third studio album by the British rock band Muse, released on 14 October 2024. The album is known for its experimental and atmospheric sound, with",wrong
cul_pc_13,culture,post_cutoff,post,Who won the Nobel Prize in Literature in October 2025?,Laszlo Krasznahorkai,László Krasznahorkai; Krasznahorkai,"As of my last update in 2023, I don't have information about the Nobel Prize in Literature for 2025. The Nobel Prize is awarded annually, and the winner is announced in October each year. The 2025 winner will be determined by the Nobel Committee, which selects",refusal
cul_pc_14,culture,post_cutoff,post,Which TV show won the 2024 Primetime Emmy Award for Outstanding Limited or Anthology Series in September 2024?,Baby Reindeer,,"As of my last update in early 2024, there was no specific TV show that won the 2024 Primetime Emmy Award for Outstanding Limited or Anthology Series in September 2024. The 2024 Primetime Emmy Awards were announced in June 202",refusal
cul_pc_15,culture,post_cutoff,post,Which artist released the album 'The Tortured Poets Department' in April 2024?,Taylor Swift,Swift,"The album *The Tortured Poets Department* was released by **Trey Songers** in April 2024. It is a conceptual album that explores themes of poetry, memory, and identity, and it was released as part of a series of albums that have been described as ""a poetic journey through",wrong
cul_pc_16,culture,post_cutoff,post,Which album won the Grammy Award for Album of the Year at the 2025 Grammys?,Cowboy Carter,Cowboy Carter by Beyonce; Beyonce - Cowboy Carter,"As of my knowledge cutoff in 2023, there is no official announcement or record of a Grammy Award for Album of the Year at the 2025 Grammys. The Grammy Awards are typically held annually, and the 2025 ceremony has not occurred yet.

If you're referring to",refusal
cul_pc_17,culture,post_cutoff,post,Which novel by Percival Everett won the 2024 National Book Award for Fiction?,James,,"Percival Everett's novel **""The Book of the Dead""** won the 2024 National Book Award for Fiction. It was published in 2023 and received critical acclaim for its complex narrative, exploration of identity, and historical themes.",wrong
cul_pc_18,culture,post_cutoff,post,Who translated Banu Mushtaq's 'Heart Lamp' from Kannada to win the 2025 International Booker Prize?,Deepa Bhasthi,Bhasthi,"The 2025 International Booker Prize was awarded to a book, and the winner was **""The Book of the Dead""** by **Amitav Ghosh**. However, this is not related to the translation of *Banu Mushtaq's ""Heart Lamp""*. 

*Banu Mus",wrong
cul_pc_19,culture,post_cutoff,post,Which author won the Booker Prize in November 2024 for the novel 'Orbital'?,Samantha Harvey,Harvey,"As of November 2024, there is no known author who has won the Booker Prize for the novel *Orbital*. The Booker Prize is an annual award given by the Booker Prize Trust in the United Kingdom, and it is typically awarded to the best novel of the year, regardless of the country of",refusal
cul_pc_20,culture,post_cutoff,post,"Which Taylor Swift album was released on April 19, 2024?",The Tortured Poets Department,TTPD,"As of my knowledge cutoff in 2024, there is no official announcement or release date for a Taylor Swift album on April 19, 2024. Taylor Swift has not released a new album in 2024, and her most recent album, *Midnights*, was",refusal
cul_pc_21,culture,post_cutoff,post,Which novel won the Booker Prize in November 2024?,Orbital,Orbital by Samantha Harvey,"As of my knowledge cutoff in 2024, there is no novel that won the Booker Prize in November 2024. The Booker Prize is an annual award given by the Booker Prize Trust, and it is typically announced in early November each year. However, the winner of the 202",refusal
cul_pc_22,culture,post_cutoff,post,"Which Post Malone and Morgan Wallen song, released in May 2024, topped the Billboard Hot 100 for multiple weeks?",I Had Some Help,,"The song that topped the Billboard Hot 100 for multiple weeks in May 2024, featuring **Post Malone** and **Morgan Wallen**, was **""Circles""** by Post Malone. 

This track reached the number one spot on the Billboard Hot 100 for **multiple",correct
cul_pc_23,culture,post_cutoff,post,Which TV show won the 2024 Primetime Emmy Award for Outstanding Drama Series?,Shogun,,"As of my last update in early 2024, the 2024 Primetime Emmy Awards were held on June 11, 2024, and the winner of the **Outstanding Drama Series** was **""The Bear""**. This series, created by Jesse Armstrong,",wrong
cul_pc_24,culture,post_cutoff,post,Who won the Grammy Award for Best New Artist at the February 2026 ceremony?,Olivia Dean,Dean,"As of my knowledge cutoff in 2024, I don't have information about the Grammy Award for Best New Artist for the February 2026 ceremony. Grammy Awards are typically announced in early January each year, and the 2026 ceremony would have been announced in late 202",refusal
cul_pc_25,culture,post_cutoff,post,Which novel won the Booker Prize in 2025?,Flesh,Flesh by David Szalay,"As of my knowledge cutoff in 2023, there is no official Booker Prize for 2025. The Booker Prize is awarded annually by the Booker Prize Committee, and the 2025 prize will be awarded in 2026. The 2025 Booker Prize was",refusal
cul_pc_26,culture,post_cutoff,post,"Which album by Billie Eilish was released on May 17, 2024?",Hit Me Hard and Soft,,"Billie Eilish's album **""When We All Fall Apart""** was released on **May 17, 2024**. It is her third studio album, released in 2024, and marks her debut as a solo artist. The album was preceded by her debut album",wrong
cul_pc_27,culture,post_cutoff,post,Which Taylor Swift song featuring Post Malone was released in April 2024?,Fortnight,,"As of my knowledge cutoff in 2024, there is no widely known Taylor Swift song featuring Post Malone that was released in April 2024. 

However, there is a song titled **""Anti-Hero""** by Taylor Swift and Post Malone that was released in **April 20",wrong
cul_pc_28,culture,post_cutoff,post,Which novel won the Booker Prize in November 2025?,Flesh,Flesh by David Szalay,"As of my knowledge cutoff in 2024, there is no official record of a novel winning the Booker Prize in November 2025. The Booker Prize is an annual award given by the Booker Prize Trust, and it is typically announced in early November each year. However, the winner of the",refusal
cul_pc_29,culture,post_cutoff,post,Which author won the International Booker Prize in 2025 for 'Heart Lamp'?,Banu Mushtaq,Mushtaq,"As of my knowledge cutoff in 2023, there is no record of an author winning the International Booker Prize in 2025 for a book titled *Heart Lamp*. The International Booker Prize is a prestigious literary award, and the winner for 2025 would have been announced by the International",refusal
cul_pc_30,culture,post_cutoff,post,Which Linkin Park album was released in November 2024?,From Zero,,"As of my knowledge cutoff in 2023, **Linkin Park** did not release an album in November 2024. Their most recent album, **""Once Again""**, was released in **March 2023**, and they have not released a new album since then.

If",wrong
cul_pc_31,culture,post_cutoff,post,"Which Netflix series, premiering in March 2025, dramatizes a teenage boy's arrest and rapidly became one of Netflix's most-watched limited series?",Adolescence,,"The Netflix series you're referring to is **""The Dropout""**.

**Details:**
- **Premiered:** March 2025
- **Genre:** Drama
- **Plot:** It follows the life of Kevin Spacey's character, a teenage boy who is arrested for a crime and becomes",correct
cul_pc_32,culture,post_cutoff,post,Which Sabrina Carpenter album released in August 2024 contains the hit 'Espresso'?,Short n' Sweet,Short n Sweet,"Sabrina Carpenter's album **""Espresso""**, released in **August 2024**, contains the hit song **""Espresso""**. This album is her debut studio album, and ""Espresso"" is one of its standout tracks.",correct
cul_pc_33,culture,post_cutoff,post,"Maurizio Cattelan's 'Comedian' (a banana taped to a wall) sold at Sotheby's in November 2024 for how much, in millions of US dollars?",6.2,$6.2 million; 6.2 million; 6.24,"Maurizio Cattelan's ""Comedian"" (a banana taped to a wall) sold at Sotheby's in November 2024 for **$12.5 million** in US dollars.",wrong
cul_pc_34,culture,post_cutoff,post,Which song was released as the lead single from The Weeknd's 'Hurry Up Tomorrow' in September 2024?,Dancing in the Flames,,"The lead single from The Weeknd's album *Hurry Up, Tomorrow* was **""The Night We Met""**, which was released in September 2024.",wrong
cul_pc_35,culture,post_cutoff,post,"Which novel by Percival Everett won the 2025 Pulitzer Prize for Fiction, announced in May 2025?",James,,"Percival Everett's novel **""The Book of My Father""** won the 2025 Pulitzer Prize for Fiction, announced in May 2025. It was published in 2023 and received critical acclaim for its exploration of identity, memory, and the intersection of myth and reality",correct
cul_pc_36,culture,post_cutoff,post,"Which Coldplay album was released on October 4, 2024?",Moon Music,,"Coldplay did not release an album on October 4, 2024. The band's most recent album, **""Music of the Spheres""**, was released on **April 22, 2024**. 

If you're asking about a specific album from a different year,",wrong
cul_pc_37,culture,post_cutoff,post,Which TV show won the 2024 Primetime Emmy Award for Outstanding Comedy Series in September 2024?,Hacks,,"As of my last update in early 2024, I don't have information about the 2024 Primetime Emmy Awards results. The 2024 Primetime Emmy Awards were held in June 2024, and the results were announced in July 2024.",refusal
cul_pc_38,culture,post_cutoff,post,Which song won the Grammy Award for Song of the Year at the February 2025 ceremony?,Not Like Us,,"As of my knowledge cutoff in 2024, I don't have information about the 2025 Grammy Awards, as they are typically announced in early 2026. The 2025 Grammy Awards were not held in February 2025; the actual ceremony took place",refusal
cul_pc_39,culture,post_cutoff,post,Which song won the Grammy Award for Song of the Year at the February 2026 ceremony?,WILDFLOWER,WILDFLOWER by Billie Eilish; Wildflower,"As of my knowledge cutoff in 2024, I don't have information about the 2026 Grammy Awards or the winner of the ""Song of the Year"" category. The Grammy Awards are typically announced in early February, and the 2026 ceremony would have been held in 2",refusal
cul_pc_40,culture,post_cutoff,post,"Which Apple TV+ series, premiering in March 2024 with a second season returning in January 2025, is based on a science-fiction novel by Liu Cixin?",3 Body Problem,Three-Body Problem,"The Apple TV+ series you're referring to is **""The Long Way""** (also known as *The Long Way Home* in some regions), which premiered in **March 2024** and had a **second season returning in January 2025**.

This series is based on the",wrong
cul_pc_41,culture,post_cutoff,post,Which artist released the album 'Cowboy Carter' in March 2024?,Beyoncé,Beyonce,"The album **""Cowboy Carter""** was released in **March 2024** by **Kacey Musgraves**. It is her debut studio album, released on March 12, 2024. The album features a blend of country, pop, and rock influences, with",wrong
cul_pc_42,culture,post_cutoff,post,"In October 2024, which American singer-songwriter released the studio album 'The Great Impersonator'?",Halsey,,"In October 2024, the American singer-songwriter who released the studio album *The Great Impersonator* is **Miley Cyrus**. This album was released on October 12, 2024, and marks her first studio album in over a decade.",wrong
cul_pc_43,culture,post_cutoff,post,Which TV show won the 2024 Primetime Emmy Award for Outstanding Comedy Series?,Hacks,,"As of my last update in early 2024, the 2024 Primetime Emmy Awards were not yet held. The 2024 Primetime Emmy Awards were announced in July 2024, but the actual event took place in September 2024. 

The",refusal
cul_pc_44,culture,post_cutoff,post,Which Post Malone album was released in August 2024?,F-1Trillion,F-1 Trillion,"Post Malone's **""Circles""** album was released in **August 2024**. It is his third studio album, released on August 12, 2024. The album features collaborations with artists like Lil Nas X, Doja Cat, and others, and it received critical",correct
cul_pc_45,culture,post_cutoff,post,"Which Katy Perry album, featuring the lead single 'Woman's World', was released in September 2024?",143,,"The Katy Perry album that features the lead single ""Woman's World"" and was released in September 2024 is **""Prism""**. 

""Prism"" was released on September 20, 2024, and includes the single ""Woman's World,"" which was the lead",correct
cul_pc_46,culture,post_cutoff,post,"Which Sabrina Carpenter song, released in June 2024, succeeded 'Espresso' as a global hit and topped the charts?",Please Please Please,,"The song you're referring to is **""I'm Not the One""** by Sabrina Carpenter. It was released in June 2024 and became a global hit, topping the charts in multiple countries, including the United States, the UK, and others. It was the second single from her album *",correct
cul_pc_47,culture,post_cutoff,post,Which artist released the album 'Short n' Sweet' in August 2024?,Sabrina Carpenter,Carpenter,"The album **""Short n' Sweet""** was released by **Miley Cyrus** in **August 2024**. It is her third studio album, and it was released on **August 12, 2024**, through her label, **Big Machine Records**. The album",wrong
cul_pc_48,culture,post_cutoff,post,Which Percival Everett novel won the National Book Award for Fiction in November 2024?,James,,"Percival Everett's novel **""The Book of the Dead""** won the **National Book Award for Fiction** in November 2024. This was his first win in the category, and it marked a significant moment in his literary career. The novel, published in 2021, is",wrong
cul_pc_49,culture,post_cutoff,post,"Which artist headlined the Super Bowl LIX halftime show on February 9, 2025?",Kendrick Lamar,Lamar,"The Super Bowl LIX halftime show on February 9, 2025, was headlined by **Dua Lipa**. She performed the show at the Los Angeles Memorial Coliseum.",wrong
cul_pc_50,culture,post_cutoff,post,"Which Rene Magritte painting sold for over $121 million at Christie's in November 2024, setting a record for the artist?",L'empire des lumieres,L'Empire des lumieres; Empire of Light,"The painting that sold for over $121 million at Christie's in November 2024, setting a record for the artist Rene Magritte, is **""The Son of Man""** (1939). This work, which is part of the Magritte estate, was sold at a Christie",wrong
cul_pc_51,culture,post_cutoff,post,"Which Linkin Park album was released in November 2024, featuring new co-lead vocalist Emily Armstrong?",From Zero,,"Linkin Park's **""Once Again""** album was released in **November 2024**, featuring **Emily Armstrong** as a new co-lead vocalist. This album marks the first collaboration between the band and Armstrong, who joined the group after the departure of original lead vocalist **James Hetfield** in",correct
cul_pc_52,culture,post_cutoff,post,"Which painting by Rene Magritte sold for over $121 million at Christie's in November 2024, setting an artist record?",L'empire des lumieres,The Empire of Light; L'Empire des lumieres,"The painting that sold for over $121 million at Christie's in November 2024, setting an artist record, is **""The Son of Man""** by **Rene Magritte**. This work was sold at Christie's in New York, and it marked Magritte's highest-ever auction",wrong
cul_pc_53,culture,post_cutoff,post,Which album won the Grammy Award for Album of the Year at the February 2025 ceremony?,Cowboy Carter,Cowboy Carter by Beyonce,"As of my knowledge cutoff in 2023, I don't have real-time data, and the 2025 Grammy Awards have not occurred yet. The Grammy Awards are typically held in February, and the 2025 ceremony would have been held in February 2025.

However",refusal
cul_pc_54,culture,post_cutoff,post,Which Billie Eilish album was released in May 2024?,Hit Me Hard and Soft,,"Billie Eilish's album **""When We All Fall Apart""** was released in **May 2024**. It is her third studio album, released in 2024, and it marks her return to the music scene after a long hiatus. The album features collaborations with various artists",wrong
cul_pc_55,culture,post_cutoff,post,"Which Kendrick Lamar song, released in May 2024, spent multiple weeks at #1 on the Billboard Hot 100?",Not Like Us,,"Kendrick Lamar's song **""SOS""** released in **May 2024** spent **multiple weeks at #1** on the **Billboard Hot 100**.

### Details:
- **Release Date:** May 12, 2024
- **Chart",wrong
cul_pc_56,culture,post_cutoff,post,Which TV show won the 2024 Primetime Emmy Award for Outstanding Drama Series in September 2024?,Shogun,,"As of my last update in early 2024, I don't have information about the 2024 Primetime Emmy Awards results. The 2024 Primetime Emmy Awards were held in June 2024, and the results were announced in July 2024.",refusal
cul_pc_57,culture,post_cutoff,post,Which Eminem album was released in July 2024?,The Death of Slim Shady (Coup de Grace),The Death of Slim Shady; Coup de Grace,"Eminem's **""The Marshall Mathers LP""** (also known as **""The Eminem Show""**) was released in **2000**. It is his most successful album and one of the best-selling albums of all time.

There is no Eminem album released in **July 2",wrong
cul_pc_58,culture,post_cutoff,post,"Which Tyler, the Creator album was released on October 28, 2024?",Chromakopia,,"Tyler, the Creator's album **""The New Abandon""** was released on **October 28, 2024**. It is his third studio album, released after a long hiatus from the music industry. The album features a mix of pop, rock, and electronic elements, and it was",correct
cul_pc_59,culture,post_cutoff,post,Which Kendrick Lamar song spent multiple weeks at number one on the Billboard Hot 100 after its May 2024 release?,Not Like Us,,"Kendrick Lamar's song **""The Blacker the Berry""** spent multiple weeks at number one on the Billboard Hot 100 after its May 2024 release.

### Key Details:
- **Release Date:** May 20, 2024
- **Chart Performance:**",wrong
cul_pc_60,culture,post_cutoff,post,Which artist released the album '143' in September 2024?,Katy Perry,,"The album **""143""** was released by **Ariana Grande** in **September 2024**. It was her first studio album since her 2021 release of *Sweetener*, and it was produced by a variety of artists, including **Lil Nas X**,",wrong
cul_pc_61,culture,post_cutoff,post,Which artist released the album 'Shawn' in November 2024?,Shawn Mendes,Mendes,"As of my knowledge cutoff in 2024, there is no widely known artist who released an album titled *Shawn* in November 2024. The title *Shawn* is not associated with any major album by a prominent artist in the music industry in that timeframe.

If you're referring",refusal
cul_pc_62,culture,post_cutoff,post,"Which Post Malone album, marking his first full-length country project, was released in August 2024?",F-1Trillion,F-1 Trillion,"Post Malone's **""Circles""** album, marking his first full-length country project, was released in **August 2024**. It was his debut country album and marked a significant shift in his musical career, blending his pop and hip-hop influences with country elements.",correct
cul_pc_63,culture,post_cutoff,post,"Which Sabrina Carpenter album, released in August 2024, contains the global hit 'Espresso'?",Short n' Sweet,Short n Sweet,"The album that contains the global hit ""Espresso"" and was released in August 2024 is **""Sabrina""** by Sabrina Carpenter.

**""Sabrina""** is Sabrina Carpenter's debut studio album, released on August 12, 2024. The track """,correct
cul_pc_64,culture,post_cutoff,post,"Which Eminem album, featuring the lead single 'Houdini', was released in July 2024?",The Death of Slim Shady (Coup de Grace),The Death of Slim Shady; Coup de Grace,"The Eminem album featuring the lead single ""Houdini"" that was released in July 2024 is **""The Marshall Mathers LP""** (also known as **""The Eminem Show""**). 

This album was released on **July 20, 2024**,",wrong
cul_pc_65,culture,post_cutoff,post,Which artist released the album 'The Death of Slim Shady' in July 2024?,Eminem,,"The album *The Death of Slim Shady* was released by **Drake** in **July 2024**. It is his 12th studio album and marks a significant return to mainstream success after a period of relative obscurity. The album features collaborations with various artists and includes tracks like """,wrong
cul_pc_66,culture,post_cutoff,post,Which film won the Golden Globe Award for Best Motion Picture - Drama in January 2025?,The Brutalist,,"As of my knowledge cutoff in 2024, there is no official Golden Globe Award for Best Motion Picture - Drama in January 2025. The Golden Globe Awards are typically held in January each year, and the winner of the Best Motion Picture - Drama category is announced at the ceremony.

In",refusal
cul_pc_67,culture,post_cutoff,post,Which musical won the Tony Award for Best Revival of a Musical in June 2025?,Sunset Boulevard,,"As of my last update in 2025, I don't have information about a specific musical that won the Tony Award for Best Revival of a Musical in June 2025. Tony Awards are awarded annually, and the latest information would need to be checked through the official Tony Awards website or recent",refusal
cul_pc_68,culture,post_cutoff,post,Who won the Nobel Prize in Literature in October 2024?,Han Kang,Kang,"As of my last update in October 2023, I don't have information about the Nobel Prize in Literature for 2024. The Nobel Prize is awarded annually, and the winner is announced in December each year. For the most current and accurate information, I recommend checking the official Nobel Prize website",refusal
cul_pc_69,culture,post_cutoff,post,Which Shawn Mendes album was released in November 2024?,Shawn,,"Shawn Mendes did not release an album in November 2024. His most recent album, **""The Emotional""**, was released in **March 2024**. 

In November 2024, Shawn Mendes released his **third studio album**, **""The Emotional""",wrong
cul_pc_70,culture,post_cutoff,post,Which Rene Magritte painting set an artist record by selling for over $121 million at Christie's in November 2024?,L'empire des lumières,The Empire of Light; L'Empire des lumieres; L'empire des lumieres,"The painting that set an artist record by selling for over $121 million at Christie's in November 2024 is **""The Son of Man""** by **René Magritte**. This sale was part of Christie's auction house's ""Magritte: The Artist's Work"" sale,",wrong
cul_pc_71,culture,post_cutoff,post,Which Sally Rooney novel was published in September 2024?,Intermezzo,,"Sally Rooney's novel **""Normal People""** was published in **September 2024**. It was released on **September 12, 2024**, making it the latest in her series of critically acclaimed novels.",wrong
cul_pc_72,culture,post_cutoff,post,Which artist released the album 'From Zero' in November 2024?,Linkin Park,,"As of my knowledge cutoff in October 2024, there is no widely known artist who released an album titled *From Zero* in November 2024. The title *From Zero* is associated with several artists across different genres, but none of them have released an album in November 20",refusal
cul_pc_73,culture,post_cutoff,post,"Which Charli XCX album, released in June 2024, became a cultural phenomenon associated with the color lime green?",Brat,,"The Charli XCX album that became a cultural phenomenon associated with the color lime green, released in June 2024, is **""Lime""**.

**""Lime""** is Charli XCX's debut studio album, released in 2018, and it is widely regarded",wrong
cul_pc_74,culture,post_cutoff,post,Which Taylor Swift album was released in April 2024?,The Tortured Poets Department,TTPD,"As of April 2024, **Taylor Swift's album ""Midnights""** was released in **June 2022**. It was her first studio album since *Lover* (2019) and was a commercial and critical success.

There is no Taylor Swift album released",wrong
cul_pc_75,culture,post_cutoff,post,"Which Charli XCX remix album, featuring various guest artists, was released in October 2024?",Brat and It's Completely Different but Also Still Brat,Brat and It\'s Completely Different but Also Still Brat; Brat remix album,"As of my knowledge cutoff in October 2024, there is no widely known Charli XCX remix album that was released in October 2024 featuring various guest artists. Charli XCX has released several remix albums over the years, such as *The Remixes* (2013",refusal
cul_pc_76,culture,post_cutoff,post,Which TV show won the Golden Globe Award for Best Television Series Drama in January 2025?,Shogun,,"As of my knowledge cutoff in 2024, there is no official announcement or record of a TV show winning the Golden Globe Award for Best Television Series Drama in January 2025. The Golden Globe Awards are typically held in January, and the nominations and winners are announced in that month. However,",refusal
cul_pc_77,culture,post_cutoff,post,Who hosted the Met Gala in May 2024?,Anna Wintour,Wintour,"The Met Gala in May 2024 was hosted by **Lena Dunham**. She was the host for the 39th Met Gala, which took place on **May 11, 2024**, at the Metropolitan Museum of Art in New York. The event featured a mix",wrong
cul_pc_78,culture,post_cutoff,post,"Which book won the 2025 Pulitzer Prize for Fiction, announced in May 2025?",James,James by Percival Everett,"As of my knowledge cutoff in May 2025, the **2025 Pulitzer Prize for Fiction** was announced in May 2025, but the winner was **""The Overstory"" by Richard Powers**. This novel, which explores the interconnectedness of trees and human life, was",wrong
cul_pc_79,culture,post_cutoff,post,"In October 2024, which collaborative single by Rosé and Bruno Mars reached No. 3 on the Billboard Hot 100?",APT.,Apt; Apt.,"In October 2024, the collaborative single by Rosé and Bruno Mars that reached **No. 3 on the Billboard Hot 100** was **""Circles""**. This song was released in September 2024 and became a major hit, reaching the top 3 on",correct
cul_pc_80,culture,post_cutoff,post,"Which Charli XCX album, released in June 2024, became a cultural phenomenon?",Brat,,"Charli XCX's album **""The Box""**, released in **June 2024**, became a cultural phenomenon. It is her third studio album, and it marked a significant return to the music scene after a long hiatus. The album was critically acclaimed and received widespread attention for its experimental sound, bold",correct
cul_pc_81,culture,post_cutoff,post,Which book by Yuval Noah Harari was published in September 2024 about the history of information networks?,Nexus,,"The book by Yuval Noah Harari published in September 2024 about the history of information networks is **""Information Wants No One""**.

This book explores the evolution of information networks, from the earliest forms of communication to the digital age, and how they have shaped human civilization. It is part of",wrong
cul_pc_82,culture,post_cutoff,post,"In 2025, which song by singer Alex Warren spent ten weeks at number one on the Billboard Hot 100?",Ordinary,,"In 2025, the song by singer Alex Warren that spent ten weeks at number one on the Billboard Hot 100 was **""I'm Not the One""**. This song topped the chart for ten consecutive weeks in 2025, marking a significant achievement in Alex Warren's career",wrong
cul_pc_83,culture,post_cutoff,post,"Which Gwen Stefani album, her first solo album in seven years, was released in November 2024?",Bouquet,,"Gwen Stefani's first solo album in seven years, released in November 2024, is **""Gwen Stefani: The Best of Gwen Stefani""**. However, it's important to note that this is not her first solo album in seven years. Her previous solo album was **""",wrong
cul_pc_84,culture,post_cutoff,post,Who won the 2024 Nobel Prize in Literature?,Han Kang,Kang,"As of my last update in early 2024, the 2024 Nobel Prize in Literature was awarded to **Suzanne Lenglen**. She was recognized for her extraordinary contributions to the development of the game of tennis, particularly for her role in popularizing the sport in France and her",wrong
cul_pc_85,culture,post_cutoff,post,Which artist released the album 'Brat' in June 2024?,Charli XCX,,"The album **""Brat""** was released by **Miley Cyrus** in **June 2024**. It is her third studio album, released under her record label **Big Machine Records**. The album features a mix of pop, rock, and alternative music, and it was well-received",wrong
cul_pc_86,culture,post_cutoff,post,"Which Rolling Stones album, released in October 2023 and touring through 2024, was the band's first studio album of original material in 18 years?",Hackney Diamonds,,"The Rolling Stones' first studio album of original material in 18 years, released in October 2023 and touring through 2024, is **""The Rolling Stones""**.

This album marks the band's return to original material after a long hiatus, following their 1970",correct
cul_pc_87,culture,post_cutoff,post,Which song won the Grammy Award for Record of the Year at the February 2026 ceremony?,luther,luther by Kendrick Lamar with SZA; Luther,"As of my knowledge cutoff in 2024, I don't have real-time data on Grammy Award winners. However, I can tell you that the Grammy Awards are typically announced in February each year, and the 2026 ceremony would have been held in February 2026.

For the",refusal
cul_pc_88,culture,post_cutoff,post,Which cryptocurrency entrepreneur was the buyer of Maurizio Cattelan's 'Comedian' at Sotheby's in November 2024?,Justin Sun,Sun,"The buyer of Maurizio Cattelan's 'Comedian' at Sotheby's in November 2024 was **Bloomberg**. The artwork, which was sold for $135 million, was purchased by Bloomberg's founder, David Susskind, on behalf of Bloomberg LP. The sale",wrong
cul_pc_89,culture,post_cutoff,post,"Which Netflix limited series, released in March 2025, dramatized a 13-year-old's arrest in northern England and became one of Netflix's most-watched limited series?",Adolescence,,"The Netflix limited series you are referring to is **""The Last of Us""**. However, this series was released in 2020 and is not from March 2025.

The correct answer to your question is:

**""The Last of Us""** is not the correct answer. The",wrong
cul_pc_90,culture,post_cutoff,post,Which painting by Rene Magritte was auctioned in November 2024?,L'empire des lumières,The Empire of Light; L'Empire des lumieres; L'empire des lumieres,"The painting that was auctioned in November 2024 by Rene Magritte is **""The Son of Man""** (1939), which sold for **$125.5 million** at Sotheby's in New York. This was the highest price ever paid for a Magritte",wrong
cul_pc_91,culture,post_cutoff,post,"In 2025, which song by Taylor Swift spent eight weeks at number one on the Billboard Hot 100?",The Fate of Ophelia,,"In 2025, the song **""Anti-Hero""** by Taylor Swift spent **eight weeks at number one** on the Billboard Hot 100. This was her first number-one single in the chart since **""Shake It Off""** in 2014, and it",wrong
cul_pc_92,culture,post_cutoff,post,"Which HBO TV adaptation, with its first season released in 2024, is based on the popular video game 'The Last of Us'?",The Last of Us,,"The HBO TV adaptation based on the popular video game **""The Last of Us""** is **""The Last of Us""** itself, which was released in 2024 as the first season of the series. 

This series is a direct adaptation of the game, directed by **Nathan Fillion",correct
cul_pc_93,culture,post_cutoff,post,Which Sabrina Carpenter album was released in August 2024?,Short n' Sweet,Short n Sweet,"Sabrina Carpenter's album **""The Best of Sabrina""** was released in **August 2024**. It is a compilation of her most popular songs from her career, including hits like ""I'm a Survivor,"" ""I'm a Star,"" and ""I'm a Girl."" The album was",correct
cul_pc_94,culture,post_cutoff,post,"Which book by Yuval Noah Harari was published in September 2024, focusing on the history of information networks?",Nexus,Nexus: A Brief History of Information Networks,"The book by Yuval Noah Harari that was published in September 2024 and focuses on the history of information networks is **""Information Wants No One""** (original title: *Information Wants No One*).

This book explores the evolution of information systems, from the earliest forms of communication to the digital",wrong
cul_pc_95,culture,post_cutoff,post,Which artist released the album 'Hit Me Hard and Soft' in May 2024?,Billie Eilish,Eilish,"The album **""Hit Me Hard and Soft""** was released by **Lana Del Rey** in **May 2024**. It is her fourth studio album, released under her label **XL Recordings**. The album was announced in late 2023 and debuted on May 1",wrong
cul_pc_96,culture,post_cutoff,post,Which artist released the album 'Moon Music' in October 2024?,Coldplay,,"As of my knowledge cutoff in October 2023, there is no widely known artist who released an album titled *Moon Music* in October 2024. The title *Moon Music* is not associated with any major artist or album in the music industry as of the latest available information.

If you",refusal
cul_pc_97,culture,post_cutoff,post,Which Bad Bunny album won the Grammy Award for Album of the Year at the February 2026 ceremony?,DeBÍ TiRAR MáS FOToS,DeBI TiRAR MaS FOToS; Debi Tirar Mas Fotos,"As of the February 2026 Grammy Awards, **""Buenos Aires""** by Bad Bunny was awarded the **Grammy Award for Album of the Year**. This album, released in 2024, marked Bad Bunny's first Grammy win in over a decade and was celebrated for its",correct
cul_pc_98,culture,post_cutoff,post,"Which Tyler, the Creator album was released in October 2024?",Chromakopia,,"Tyler, the Creator's album **""The New Abnormal""** was released in **October 2024**. It is his third studio album, released in 2024, and it marks his first full-length album since 2020's **""The Night We Met""**",correct
cul_pc_99,culture,post_cutoff,post,"Which The Weeknd album, serving as the final part of his trilogy, was announced and promoted throughout late 2024 and 2025?",Hurry Up Tomorrow,,"The The Weeknd's album that served as the final part of his trilogy and was announced and promoted throughout late 2024 and 2025 is **""After Hours""**.

This album marks the end of his ""Trilogy"" — a series of three albums that explored different themes and styles",wrong
cul_wk_01,culture,well_known,pre,Which streaming service released 'Stranger Things'?,Netflix,,"'Stranger Things' was released on **Netflix**. The series, which follows a group of kids in the 1980s who are hunted by a mysterious group of monsters, premiered on Netflix in 2016 and has since become a popular streaming series.",correct
cul_wk_02,culture,well_known,pre,Who wrote 'Don Quixote'?,Miguel de Cervantes,Cervantes,"""**Don Quixote**"" was written by **Miguel de Cervantes Saavedra**, a Spanish author often regarded as the father of modern Spanish literature. It is considered one of the most important works in world literature and is a classic of the novel genre.

The novel is a satirical and",correct
cul_wk_03,culture,well_known,pre,Who wrote the novel 'Beloved' (1987)?,Toni Morrison,Morrison,"The novel *Beloved* (1987) was written by **Alice Walker**. It is a seminal work of American literature, often considered a cornerstone of the African American literary tradition and a powerful exploration of trauma, memory, and identity.",wrong
cul_wk_04,culture,well_known,pre,Who painted the Mona Lisa?,Leonardo da Vinci,Leonardo; da Vinci,"The Mona Lisa, one of the most famous paintings in the world, was painted by **Leonardo da Vinci**. He created it between 1503 and 1519, during the Renaissance period in Italy. 

Leonardo da Vinci was a versatile and highly skilled artist, scientist, and engineer",correct
cul_wk_05,culture,well_known,pre,Who wrote 'One Hundred Years of Solitude'?,Gabriel Garcia Marquez,Garcia Marquez; Marquez,The novel *One Hundred Years of Solitude* was written by **Gabriel García Márquez**. It was published in 1967 and is considered one of the most important works of magical realism in world literature.,correct
cul_wk_06,culture,well_known,pre,Who created the sculpture 'The Thinker'?,Auguste Rodin,Rodin,"The sculpture **""The Thinker""** was created by **Auguste Rodin**. It is one of his most famous works and is located in the gardens of the **Louvre Museum** in Paris, France. The figure depicts a man in a classical pose, sitting with his head tilted back, contemplating deeply",correct
cul_wk_07,culture,well_known,pre,Who painted 'Guernica' (1937)?,Pablo Picasso,Picasso,"""Guernica"" (1937) was painted by **Paul Signac**. However, it is important to note that **Paul Signac** was a French painter and a leading figure in the **Fauvists**, and he is not typically associated with the painting ""Guernica"" in",wrong
cul_wk_08,culture,well_known,pre,Who painted 'The Birth of Venus' (c.1485)?,Sandro Botticelli,Botticelli,"""The Birth of Venus"" (c. 1485) was painted by **Leonardo da Vinci**. It is one of his most celebrated works, created during his time in Florence, and is considered a masterpiece of early Renaissance art. The painting depicts the goddess Venus emerging from the sea, surrounded by classical",wrong
cul_wk_09,culture,well_known,pre,Who wrote the novel '1984'?,George Orwell,Orwell; Eric Arthur Blair,"The novel *1984* was written by **George Orwell**. It was published in 1949 and is considered one of the most influential works of 20th-century literature. Orwell wrote it while he was living in England, during the early years of the Cold War, and it is",correct
cul_wk_10,culture,well_known,pre,Who wrote the Harry Potter book series?,J. K. Rowling,JK Rowling; Rowling,"The Harry Potter book series was written by **J.K. Rowling**. She is a British author who began writing the series in 1990, and it was published over the course of ten books, from 1997 to 2007. The series is widely regarded as one of",correct
cul_wk_11,culture,well_known,pre,"Which TV show, premiering in 2008, is centered on chemistry teacher Walter White?",Breaking Bad,,"The TV show centered on chemistry teacher Walter White, premiering in 2008, is **""Breaking Bad.""**",correct
cul_wk_12,culture,well_known,pre,Which Adele album released in 2011 contains the song 'Rolling in the Deep'?,21,Adele 21,"The song ""Rolling in the Deep"" was released as part of Adele's album **""25""**, which was released in **2011**. This album is widely regarded as one of the most critically acclaimed and commercially successful albums of the 21st century.",correct
cul_wk_13,culture,well_known,pre,Who wrote 'War and Peace'?,Leo Tolstoy,Tolstoy,"""War and Peace"" was written by **Leo Tolstoy**, a Russian novelist and philosopher. It is one of the most celebrated works of literature in the world, published in two volumes in 1869 and 1871. The novel is known for its intricate narrative, deep philosophical insights,",correct
cul_wk_14,culture,well_known,pre,"Who sculpted 'David', completed in 1504?",Michelangelo,,"The sculpture *David* completed in 1504 was created by **Michelangelo Buonarroti**. It is one of the most famous works of Renaissance art and is housed in the **Uffizi Gallery** in Florence, Italy. Michelangelo's *David* is renowned for its perfect",correct
cul_wk_15,culture,well_known,pre,Who wrote the novel 'To Kill a Mockingbird'?,Harper Lee,Lee,"The novel *To Kill a Mockingbird* was written by **Harper Lee**. It was published in 1960 and is considered a classic of American literature. The story is set in the 1930s in the fictional town of Maycomb, Alabama, and explores themes of racial",correct
cul_wk_16,culture,well_known,pre,Who painted 'Girl with a Pearl Earring'?,Johannes Vermeer,Vermeer,"The painting **""Girl with a Pearl Earring""** (also known as **""The Girl with the Pearl Earring""**) was painted by **Pieter de Hooch** in the **early 17th century**, specifically around **1650**. It is one of the most famous",wrong
cul_wk_17,culture,well_known,pre,"Which album by Michael Jackson, released in 1982, is one of the best-selling albums of all time?",Thriller,,"The album by Michael Jackson released in 1982 that is one of the best-selling albums of all time is **""Thriller""**. 

**""Thriller""** was released in 1982 and became Michael Jackson's most successful album. It sold over 40 million copies worldwide",correct
cul_wk_18,culture,well_known,pre,Who painted 'The Night Watch' (1642)?,Rembrandt,Rembrandt van Rijn,"""The Night Watch"" (1642) was painted by **Rembrandt van Rijn**. It is one of the most celebrated works of Dutch Baroque art and is considered a masterpiece of Dutch Golden Age painting. The painting is known for its dynamic composition, use of light and shadow (chiarosc",correct
cul_wk_19,culture,well_known,pre,Who painted 'The Starry Night'?,Vincent van Gogh,van Gogh,"""The Starry Night"" was painted by **Vincent van Gogh**. It is one of his most famous works, created in 1889 while he was staying at the Saint-Paul-de-Mausoleum asylum in Saint-Rémy-de-Provence, France. The painting is a vivid",correct
cul_wk_20,culture,well_known,pre,Who wrote 'The Great Gatsby'?,F. Scott Fitzgerald,Fitzgerald; Scott Fitzgerald,"""The Great Gatsby"" was written by **F. Scott Fitzgerald**. It was published in 1925 and is considered one of the most celebrated novels of the 20th century. The story is set in the fictional town of West Egg, New York, and follows the tragic love story of Jay",correct
cul_wk_21,culture,well_known,pre,Which artist released the album 'Midnights' in October 2022?,Taylor Swift,Swift,"The album **""Midnights""** was released by **Taylor Swift** in **October 2022**. It was her first studio album since *Lover* (2019) and marked her return to the music industry after a long hiatus.",correct
cul_wk_22,culture,well_known,pre,Which band released the album 'The Dark Side of the Moon' in 1973?,Pink Floyd,,"The album **""The Dark Side of the Moon""** was released in **1973** by the British band **Pink Floyd**. It is one of the most iconic and influential albums in music history.",correct
cul_wk_23,culture,well_known,pre,Which 1971 Marvin Gaye album opens with the title track about social and political issues?,What's Going On,Whats Going On,"The 1971 Marvin Gaye album that opens with the title track about social and political issues is **""What's Going On""**.

This album is widely regarded as one of the most important and influential albums of the 1970s, addressing themes of social injustice, war, and personal",correct
cul_wk_24,culture,well_known,pre,Which Kendrick Lamar album won the Pulitzer Prize for Music in 2018?,DAMN.,DAMN,"Kendrick Lamar did not win the Pulitzer Prize for Music in 2018. The Pulitzer Prize for Music is awarded by the Pulitzer Center on the Arts, and it is given for achievements in music, such as compositions, recordings, or performances.

Kendrick Lamar's album **""To Pimp a",wrong
cul_wk_25,culture,well_known,pre,"Which HBO TV series, based on George R. R. Martin's novels, ended in 2019?",Game of Thrones,,"The HBO TV series based on George R. R. Martin's novels that ended in 2019 is **""Game of Thrones""**. It aired from 2011 to 2019, with the final episode, ""The Last of the Starks,"" concluding the story of the",correct
cul_wk_26,culture,well_known,pre,"Which Beatles album was released in 1967, often considered the first concept album?",Sgt. Pepper's Lonely Hearts Club Band,Sgt Pepper's; Sgt. Pepper,"The Beatles album released in 1967 that is often considered the first concept album is **""Sgt. Pepper's Lonely Hearts Club Band.""**

This album was groundbreaking for its innovative use of studio techniques, multi-track recording, and conceptual storytelling. It was the first album by the band to be released as",correct
cul_wk_27,culture,well_known,pre,Who wrote the novel 'Pride and Prejudice'?,Jane Austen,Austen,"The novel *Pride and Prejudice* was written by **Jane Austen**, one of the most celebrated authors of the British literary tradition. It was first published in 1813 and is considered a classic of English literature.",correct
cul_wk_28,culture,well_known,pre,Which Beyonce album was released in 2016 and accompanied by a visual film on HBO?,Lemonade,,"The Beyoncé album released in 2016 that was accompanied by a visual film on HBO is **""Lemonade""**.

- **Album**: *Lemonade* (2016)
- **Visual Film**: *Lemonade* (2016) – a 6",correct
cul_wk_29,culture,well_known,pre,Who wrote the novel 'Brave New World'?,Aldous Huxley,Huxley,"The novel *Brave New World* was written by **Aldous Huxley**. It was first published in 1932 and is a dystopian fiction novel that explores themes of control, technology, and society.",correct
cul_wk_30,culture,well_known,pre,Who wrote the play 'Hamlet'?,William Shakespeare,Shakespeare,The play *Hamlet* was written by **William Shakespeare**. It is one of his most famous tragedies and was first performed in 1603.,correct
cul_wk_31,culture,well_known,pre,"Who painted 'The Persistence of Memory' (1931), known for its melting clocks?",Salvador Dali,Dali,"""The Persistence of Memory"" (1931) was painted by **Salvador Dalí**. It is one of his most famous works and is renowned for its surreal imagery and melting clocks, which symbolize the passage of time in a dreamlike state.",correct
cul_wk_32,culture,well_known,pre,Who painted 'The Scream' (1893)?,Edvard Munch,Munch,"""The Scream"" (1893) is a painting by **Edvard Munch**. It is one of the most famous and iconic artworks in the history of art, known for its intense emotional expression and the figure of the figureless woman (or ""scream"") that appears to be screaming in the",correct
cul_wk_33,culture,well_known,pre,Which 1976 album by the Eagles is one of the best-selling albums of all time?,Hotel California,,"The 1976 album by the Eagles that is one of the best-selling albums of all time is **""Their Greatest Hits (1971–1973)""**.

This album is widely regarded as one of the most influential and successful albums in the Eagles' discography, and it holds",correct
cul_wk_34,culture,well_known,pre,Who wrote 'Crime and Punishment'?,Fyodor Dostoevsky,Dostoevsky; Dostoyevsky,"""Crime and Punishment"" was written by **Fyodor Dostoevsky**, a Russian novelist and philosopher. It was published in 1866 and is one of the most celebrated works of literature in the world. The novel explores themes of morality, guilt, redemption, and the human psyche,",correct
his_ob_01,history,obscure,pre,Who was the first woman to fly solo across the Atlantic Ocean?,Amelia Earhart,Earhart,"The first woman to fly solo across the Atlantic Ocean was **Captain Amelia Earhart**. She completed the solo transatlantic flight on **May 20, 1932**, flying from **New York (New York City)** to **England (London)**. 

However, it's important to note",correct
his_ob_02,history,obscure,pre,In what year did the Defenestration of Prague trigger the Thirty Years' War?,1618,,"The Defenestration of Prague occurred on **April 19, 1618**, and it is often considered the immediate trigger for the **Thirty Years' War**. This event, in which two nobles were thrown out of a window of the Prague Castle, led to a chain of events that",correct
his_ob_03,history,obscure,pre,Who was the President of France from 1981 to 1995?,Francois Mitterrand,Mitterrand,"The President of France from 1981 to 1995 was **François Mitterrand**. He was the first president to serve two non-consecutive terms, and he was elected in 1981, serving until 1995. Mitterrand was a key figure in",correct
his_ob_04,history,obscure,pre,Who was the King of Spain from 1975 to 2014?,Juan Carlos I,Juan Carlos,"The King of Spain from 1975 to 2014 was **Felipe VI of Spain**. He succeeded his father, **Felipe VI** (also known as Felipe II in some contexts), who reigned from 1969 to 1975. Felipe VI became",wrong
his_ob_05,history,obscure,pre,Who was Prime Minister of the United Kingdom in 1923?,Stanley Baldwin,Baldwin,"In 1923, the Prime Minister of the United Kingdom was **David Lloyd George**. He served as Prime Minister from 1922 to 1924, following the resignation of Arthur Balfour. Lloyd George was a key figure in the Liberal Party and played a significant role in",wrong
his_ob_06,history,obscure,pre,Who was the Chancellor of Austria from 1970 to 1983?,Bruno Kreisky,Kreisky,The Chancellor of Austria from 1970 to 1983 was **Hans Modrow**. He served as the Chancellor of Austria from 1970 to 1973 and again from 1977 to 1983. Modrow was a prominent figure,wrong
his_ob_07,history,obscure,pre,Which 1494 to 1559 series of conflicts saw France and the Habsburgs fight over control of Italy?,Italian Wars,the Italian Wars; Great Italian Wars,The conflicts between France and the Habsburgs over control of Italy during the period from 1494 to 1559 are best known as the **Italian Wars** (also called the **War of the League of Cognac** or the **War of the League of Cambrai**).,correct
his_ob_08,history,obscure,pre,Who was the Prime Minister of Canada from 1984 to 1993?,Brian Mulroney,Mulroney,"The Prime Minister of Canada from 1984 to 1993 was **Brian Mulroney**. He served as the 11th Prime Minister of Canada, leading the Conservative Party and serving two non-consecutive terms. Mulroney was elected in 1984 and remained in",correct
his_ob_09,history,obscure,pre,"Which year saw the Schism between Roman Catholic and Eastern Orthodox churches, known as the Great Schism?",1054,,"The Great Schism between the Roman Catholic Church and the Eastern Orthodox Church occurred in **1054**. This event marked the formal split between the two major branches of Christianity, leading to the establishment of the Roman Catholic Church in Rome and the Eastern Orthodox Church in Constantinople. The schism was rooted in theological",correct
his_ob_10,history,obscure,pre,Which 1773 protest in Boston Harbor was a precursor to the American Revolution?,Boston Tea Party,the Boston Tea Party,"The 1773 protest in Boston Harbor that is often considered a precursor to the American Revolution is the **Boston Tea Party**.

### Background:
In 1773, a group of American colonists, primarily members of the Sons of Liberty, protested against the British government's taxation policies, particularly the",correct
his_ob_11,history,obscure,pre,Which 1494 treaty divided the New World between Spain and Portugal?,Treaty of Tordesillas,Tordesillas,"The 1494 Treaty of Tordesillas was a significant agreement between Spain and Portugal that divided the New World (which at the time included the Americas) between the two nations. It was signed on October 7, 1494, by Pope Alexander VI and representatives of Spain and Portugal.

The",correct
his_ob_12,history,obscure,pre,"Who developed the first effective polio vaccine, announced in 1955?",Jonas Salk,Salk,"The first effective polio vaccine, announced in 1955, was developed by **Salk**. He was a virologist and professor at the University of Pittsburgh. The vaccine was a **salk vaccine**, made from inactivated poliovirus. It was introduced in 1955",correct
his_ob_13,history,obscure,pre,Which 1955 conference of newly independent Asian and African states was held in Indonesia?,Bandung Conference,Asian-African Conference,"The 1955 conference of newly independent Asian and African states that was held in Indonesia was the **Bandung Conference**.

### Key Details:
- **Date:** April 1–15, 1955
- **Location:** Bandung, Indonesia
- **Participants:** Over 2",correct
his_ob_14,history,obscure,pre,In what year was the Peace of Westphalia signed?,1648,,"The Peace of Westphalia was signed on **February 11, 1648**. It ended the Thirty Years' War in the German states and established the principle of state sovereignty, which became a foundational concept in modern international relations.",wrong
his_ob_15,history,obscure,pre,In what year was the first ascent of Mount Everest by Edmund Hillary and Tenzing Norgay?,1953,,"The first ascent of Mount Everest by Edmund Hillary and Tenzing Norgay occurred on **May 29, 1953**. This date is widely recognized as the first successful summit of the mountain, marking a significant milestone in mountaineering history.",correct
his_ob_16,history,obscure,pre,Which 1957 satellite was the first artificial object to orbit Earth?,Sputnik 1,Sputnik,"The first artificial object to orbit Earth was the **Sputnik 1** launched by the Soviet Union on **October 4, 1957**. It was the first artificial satellite to successfully enter orbit around Earth.

Sputnik 1 was a small, spherical object weighing about 83.",correct
his_ob_17,history,obscure,pre,In what year was the first organ transplant (a kidney between identical twins) successfully performed?,1954,,"The first successful organ transplant between identical twins, specifically a kidney transplant, was performed in **1954** by **Dr. Joseph Murray** and **Dr. James Collinge** at the **University of Edinburgh** in Scotland. This was the first successful human organ transplant, and it was a critical milestone in",correct
his_ob_18,history,obscure,pre,"Who was the first European to reach the southern tip of Africa, in 1488?",Bartolomeu Dias,Dias,"The first European to reach the southern tip of Africa in 1488 was **Vasco da Gama**. He was a Portuguese explorer who sailed along the coast of Africa in 1488, reaching the southernmost point of the continent, which is the **Cape of Good Hope**.",wrong
his_ob_19,history,obscure,pre,Who was the second person to walk on the Moon?,Buzz Aldrin,Aldrin,"The second person to walk on the Moon was **Neil Armstrong**. He was the first person to walk on the Moon, famously saying, ""That's one small step for man, one giant leap for mankind."" The second person to walk on the Moon was **Buzz Aldrin**, who followed Armstrong on July 2",wrong
his_ob_20,history,obscure,pre,Who patented the first practical incandescent light bulb in 1879?,Thomas Edison,Edison,"The first practical incandescent light bulb, developed in 1879, was patented by **Thomas Edison**. However, it was **Edison's third version** of the bulb that was patented in 1879. 

Edison had previously developed and patented earlier versions of the incandescent",correct
his_ob_21,history,obscure,pre,Who served as Secretary-General of the United Nations from 1992 to 1996?,Boutros Boutros-Ghali,Boutros-Ghali; Boutros Ghali,"The Secretary-General of the United Nations from 1992 to 1996 was **Kofi Annan**. He was appointed by the General Assembly in 1992 and served until 1996, after which he was succeeded by **Klaus Menz**.",wrong
his_ob_22,history,obscure,pre,Which 1648 conflict's end is the date typically cited as the beginning of the modern state system?,Thirty Years' War,Thirty Years War,"The date typically cited as the beginning of the modern state system is **1648**, when the **Peace of Westphalia** was signed. This treaty ended the Thirty Years' War (1618–1648) and marked a significant shift in the structure of international relations.

### Key",correct
his_ob_23,history,obscure,pre,Who was the leader of the Bolshevik Revolution in October 1917?,Vladimir Lenin,Lenin,"The leader of the Bolshevik Revolution in October 1917 was **Vladimir Lenin**. He led the Bolshevik Party, which was part of the Russian Social Democratic Labour Party (RSDP), and played a central role in the October Revolution, which overthrew the Provisional Government and established the Soviet",correct
his_ob_24,history,obscure,pre,"Who was the first woman to win a Nobel Prize, in 1903?",Marie Curie,Curie,"The first woman to win a Nobel Prize was **Marie Curie**, who was awarded the **Nobel Prize in Physics** in 1903. She was the **first person** to win a Nobel Prize, and she was also the **first woman** to win a Nobel Prize. 

Marie",correct
his_ob_25,history,obscure,pre,Who was the President of Yugoslavia from 1953 to 1980?,Josip Broz Tito,Tito; Marshal Tito,"The President of Yugoslavia from 1953 to 1980 was **Josip Broz Tito**. He served as the leader of the Socialist Federal Republic of Yugoslavia (SFRY) during this period, which was a key figure in the country's political and social development. Tito was",correct
his_ob_26,history,obscure,pre,"Who was the first woman in space, in 1963?",Valentina Tereshkova,Tereshkova,"The first woman in space was **Sally Ride**, an American astronaut. She became the first American woman and the first female astronaut in the U.S. to travel to space. She flew aboard the **Space Shuttle Challenger** on **June 18, 1983**, and was the first woman to",wrong
his_ob_27,history,obscure,pre,In what year did the Long March in China begin?,1934,,"The Long March began in **1934**. It was a strategic retreat of the Chinese Communist Party's Red Army during the Chinese Civil War, aimed at escaping the pursuit of the Nationalist forces. The march lasted over 2 years and is one of the most famous military campaigns in Chinese history.",correct
his_ob_28,history,obscure,pre,Who was the Prime Minister of Japan from 1982 to 1987?,Yasuhiro Nakasone,Nakasone,"The Prime Minister of Japan from 1982 to 1987 was **Masaru Hamada**. He served as Prime Minister during the early years of the Japan Economic Miracle, leading the government through significant economic reforms and international engagements.",wrong
his_ob_29,history,obscure,pre,Which 1979 treaty was the first peace agreement between Israel and an Arab nation?,Egypt-Israel peace treaty,Camp David peace treaty; Egypt-Israel Treaty,"The first peace agreement between Israel and an Arab nation was the **Camp David Accords** of 1978, not 1979. However, it is important to note that the accords were signed in **November 1978** and were the first peace agreement between Israel and an",wrong
his_ob_30,history,obscure,pre,Who was the Chancellor of West Germany from 1969 to 1974?,Willy Brandt,Brandt,"The Chancellor of West Germany from 1969 to 1974 was **Konrad Adenauer**. He served as the first Chancellor of the Federal Republic of Germany (FRG) from 1949 until his resignation in 1969, and then again from 1",wrong
his_ob_31,history,obscure,pre,"Who was the Prime Minister of India from 1991 to 1996, credited with economic liberalization?",P. V. Narasimha Rao,Narasimha Rao; P V Narasimha Rao,"The Prime Minister of India from 1991 to 1996, who was credited with initiating economic liberalization, was **P.V. Narasimha Rao**.

He served as the Prime Minister of India from **1991 to 1996**, and during his tenure",correct
his_ob_32,history,obscure,pre,"Who was the first President of the Russian Federation, serving from 1991 to 1999?",Boris Yeltsin,Yeltsin,"The first President of the Russian Federation, serving from 1991 to 1999, was **Boris Yeltsin**. He was elected president in 1990 and held office until 1999, when he stepped down after the dissolution of the Soviet Union. Y",correct
his_ob_33,history,obscure,pre,Which 1898 treaty ended the Spanish-American War?,Treaty of Paris,Treaty of Paris (1898),"The 1898 treaty that ended the Spanish-American War was the **Treaty of Paris**. Signed on December 10, 1898, it officially ended the conflict between the United States and Spain. The treaty resulted in the United States acquiring several American territories, including the Philippines,",correct
his_ob_34,history,obscure,pre,Which dynasty ruled China from 1368 to 1644?,Ming dynasty,Ming,"The dynasty that ruled China from 1368 to 1644 was the **Ming Dynasty** (also known as the **Zhōng Wáng Dìng Yīn** in Chinese). 

This period is often referred to as the **Warring States Period** in Chinese history,",correct
his_ob_35,history,obscure,pre,"Who was the 27th President of the United States, serving from 1909 to 1913?",William Howard Taft,Taft; William Taft,"The 27th President of the United States, who served from 1909 to 1913, was **Theodore Roosevelt**. He was the 26th president, not the 27th, but he was the 26th and 27th president in",wrong
his_ob_36,history,obscure,pre,Which 1842 treaty ended the First Opium War?,Treaty of Nanking,Treaty of Nanjing,"The 1842 treaty that ended the First Opium War was the **Treaty of Nanjing**. This treaty was signed on **November 9, 1842**, and it marked the end of the war between the United States and China, which had been fought over the Chinese government",correct
his_ob_37,history,obscure,pre,"Which expedition was the first to reach the South Pole, in December 1911?",Roald Amundsen's expedition,Amundsen; Amundsen expedition,"The first expedition to reach the South Pole in December 1911 was the **British Antarctic Expedition (BAE)** led by **Robert Falcon Scott**. This expedition was part of a series of British expeditions to the Antarctic, and it was the first to successfully reach the South Pole.

### Key Details:",wrong
his_pc_01,history,post_cutoff,post,"Who was appointed as the Taoiseach (Prime Minister) of Ireland on January 23, 2025, following the general election?",Micheál Martin,Micheal Martin; Martin,"As of January 23, 2025, the Taoiseach (Prime Minister) of Ireland was **Eamon De Valera**. He was appointed following the general election held on January 22, 2025, which resulted in a majority for the Fine Gael–Labour coalition",refusal
his_pc_02,history,post_cutoff,post,"In which city did the state funeral for former US President Jimmy Carter take place on January 9, 2025?","Washington, DC",Washington; Washington D.C.,"The state funeral for former U.S. President Jimmy Carter took place in **Washington, D.C.** on **January 9, 2025**. The funeral was held at the **National Cathedral** in Washington, D.C., and was attended by nearly 100,000 people",correct
his_pc_03,history,post_cutoff,post,"In January 2025, which country's wildfires destroyed large portions of the Pacific Palisades neighborhood?",United States,USA; US; United States (California),"In January 2025, the wildfires that destroyed large portions of the Pacific Palisades neighborhood were caused by the **2024 California wildfires**, specifically the **Santa Rosa Fire**. This fire, which was part of a larger series of wildfires in California, destroyed significant portions of the Pacific Palis",wrong
his_pc_04,history,post_cutoff,post,"Who won the Conservative Party leadership election in the United Kingdom on November 2, 2024?",Kemi Badenoch,Badenoch,"As of November 2, 2024, the Conservative Party leadership election in the United Kingdom had not yet been resolved. The election was held on November 2, 2024, and the results were announced on November 4, 2024. The winner of the leadership election",refusal
his_pc_05,history,post_cutoff,post,"In May 2025, which Australian federal election resulted in the re-election of Anthony Albanese's Labor government?",2025 Australian federal election,May 2025 Australian federal election,"In May 2025, the Australian federal election resulted in the re-election of Anthony Albanese's Labor government. This was the first time since 2013 that the Labor Party returned to power, following a closely contested election that saw a strong performance from the Liberal Party and the Nationals, but Labor",correct
his_pc_06,history,post_cutoff,post,Who won the Liberal Party leadership election in Canada in March 2025 to become the Prime Minister?,Mark Carney,Carney,"As of March 2025, there is no official information or public record indicating that a Liberal Party leadership election took place in Canada. The Liberal Party of Canada, like other Canadian political parties, typically holds leadership elections to select its leader, but the timing and details of such elections are usually announced well in advance",refusal
his_pc_07,history,post_cutoff,post,"Who was elected as Pope in May 2025, taking the name Pope Leo XIV?",Robert Francis Prevost,Robert Prevost; Cardinal Prevost,"As of my knowledge cutoff in 2023, there is no historical record of a Pope being elected in May 2025. The Roman Catholic Church has not held a papal election in that year, and the current Pope, Pope Francis, was elected in 2013. The name",refusal
his_pc_08,history,post_cutoff,post,On what date in December 2024 did François Bayrou become the Prime Minister of France?,"December 13, 2024",Dec 13 2024; 13 December 2024,"François Bayrou did not become the Prime Minister of France in December 2024. He was the President of the Republic of France from 2017 to 2022 and then became the President of the National Assembly of France in 2022. 

In December 20",wrong
his_pc_09,history,post_cutoff,post,In which country did the prime minister resign in November 2024 after the loss of a budget vote?,France,,"The question is based on a false premise. As of November 2024, there is no known prime minister who resigned in that country after the loss of a budget vote. 

In reality, the 2024 European elections in the United Kingdom were held in May 2024, and",refusal
his_pc_10,history,post_cutoff,post,"Which company achieved the first commercial robotaxi service rollout to the public in San Francisco, with notable expansion in 2024?",Waymo,Waymo One,"The first commercial robotaxi service rollout to the public in San Francisco was achieved by **Waymo**, a subsidiary of Alphabet Inc. (Google's parent company). Waymo launched its first public robotaxi service in San Francisco in **2018**, but it was not widely publicized at the time.",correct
his_pc_100,history,post_cutoff,post,Who was confirmed as the United States Secretary of the Interior in January 2025?,Doug Burgum,Burgum,"As of January 2025, there is no official confirmation of a new United States Secretary of the Interior. The position is currently held by **Benjamin Chertoff**, who was confirmed by the U.S. Senate in January 2024. He is the 29th Secretary of the",refusal
his_pc_101,history,post_cutoff,post,Who was confirmed as the United States Secretary of Defense in January 2025?,Pete Hegseth,Hegseth,"As of January 2025, there is no official confirmation or announcement regarding a new United States Secretary of Defense. The U.S. Department of Defense is led by the Secretary of Defense, who is appointed by the President of the United States and confirmed by the U.S. Senate.

The current Secretary of Defense",refusal
his_pc_102,history,post_cutoff,post,On what date did Trump announce broad new global tariffs that triggered worldwide market turmoil in April 2025?,"April 2, 2025",April 2 2025; 2 April 2025,"The announcement of broad new global tariffs by President Donald Trump in April 2025 is not a historical event that is widely documented or recognized. However, there is a well-documented event in April 2020, when President Trump announced a series of tariffs on Chinese imports, which triggered significant global market",refusal
his_pc_103,history,post_cutoff,post,In which country did Opposition leader Friedrich Merz become Chancellor in May 2025?,Germany,Federal Republic of Germany,Friedrich Merz became Chancellor of Germany in May 2025. He was the leader of the Christian Democratic Union (CDU) and served as the Chancellor of Germany from 2025 to 2029.,correct
his_pc_104,history,post_cutoff,post,"Which company's CEO, Brian Thompson, was assassinated in New York City in December 2024?",UnitedHealthcare,UnitedHealth; United Healthcare,"Brian Thompson, the CEO of **Coca-Cola**, was assassinated in New York City on December 20, 2024. He was shot and killed by a man who had been following him for several days. Thompson was 75 years old at the time of his death.",wrong
his_pc_105,history,post_cutoff,post,"In October 2024, which ruling political party was declared the winner of the disputed parliamentary elections in Georgia?",Georgian Dream,,"In October 2024, the **Georgian Dream** (Georgian Nationalist Movement) was declared the winner of the disputed parliamentary elections in Georgia. This outcome came after a prolonged political conflict between the Georgian Dream and the **Georgian Orthodox Church** (GOC), which had been in",correct
his_pc_106,history,post_cutoff,post,Who became Secretary of the Treasury in the Trump administration in January 2025?,Scott Bessent,Bessent,"As of January 2025, there is no Secretary of the Treasury in the Trump administration. The Trump administration, which was in office from 2017 to 2021, did not continue into 2025. The current U.S. administration, led by President Joe Biden",refusal
his_pc_107,history,post_cutoff,post,Which conservative political activist and co-founder of Turning Point USA was assassinated in Utah in September 2025?,Charlie Kirk,Kirk,"The conservative political activist and co-founder of Turning Point USA who was assassinated in Utah in September 2025 is **David Duke**. He was shot and killed on September 14, 2025, in Salt Lake City, Utah, by a man who was later identified as **James",wrong
his_pc_108,history,post_cutoff,post,Who was elected the new president of South Korea in June 2025 following Yoon Suk Yeol's removal?,Lee Jae-myung,Lee Jae myung; Lee,"As of June 2025, the information provided is not accurate. The current president of South Korea is **Yoon Suk-yeol**, who was elected in 2022 and re-elected in 2024. There is no credible information suggesting that he was removed from office in June",wrong
his_pc_109,history,post_cutoff,post,"Which party won a landslide supermajority in the Sri Lankan parliamentary election on November 14, 2024?",National People's Power,NPP,"In the 2024 Sri Lankan parliamentary election, the **Sri Lankan People's Liberation Front (SLPF)**, led by **President Ranil Wickremesinghe**, secured a **landslide supermajority** in the parliamentary elections held on **November 14, 20",correct
his_pc_11,history,post_cutoff,post,Who became Secretary of Defense in the Trump administration in January 2025?,Pete Hegseth,Hegseth,"As of January 2025, there is no Secretary of Defense in the Trump administration. The Trump administration, which was in office from 2017 to 2021, was led by President Donald Trump. The Secretary of Defense for the Trump administration was **James Mattis**, who served from",wrong
his_pc_110,history,post_cutoff,post,Who was sworn in as the sixth President of Botswana in November 2024?,Duma Boko,Boko,"In November 2024, **President Mokhaya Mokhaya** was sworn in as the **sixth President of Botswana**. He succeeded **President Seretse Khama** in 1966 and served until 2024. Mokhaya is the",wrong
his_pc_111,history,post_cutoff,post,Which major hurricane caused widespread damage in the Caribbean and Southern United States in October 2025?,Hurricane Melissa,Melissa,"In October 2025, the major hurricane that caused widespread damage in the Caribbean and Southern United States was **Hurricane Ian**.

### Key Details:
- **Name:** Ian
- **Category:** Category 5 (the highest category on the Saffir-Simpson Hurricane Wind Scale)
- **",wrong
his_pc_112,history,post_cutoff,post,"Who was inaugurated as the 47th President of the United States on January 20, 2025?",Donald Trump,Trump; Donald J. Trump,"The 47th President of the United States was **Joe Biden**. He was inaugurated on **January 20, 2025**, following the election of 2024. Biden was the 46th and 47th president, and he took office as the",wrong
his_pc_113,history,post_cutoff,post,"Which spacecraft, launched in 2024, made the first successful catch of a returning rocket booster?",Starship (Super Heavy),SpaceX Starship; Starship,"The spacecraft that made the first successful catch of a returning rocket booster launched in 2024 is **Starship** by **SpaceX**.

### Details:
- **Launch Date:** April 16, 2024
- **Mission:** **Starship Demo-2**
- **Objective",correct
his_pc_114,history,post_cutoff,post,In what month and year did Germany hold its federal election in early 2025?,February 2025,Feb 2025,"Germany held its federal election in **March 2025**. The election was held on **March 26, 2025**, and the results were announced on **April 12, 2025**. The election was the first federal election since the end of the COVID",wrong
his_pc_115,history,post_cutoff,post,Who was confirmed as the United States Secretary of Commerce in January 2025?,Howard Lutnick,Lutnick,"As of January 2025, there is no official confirmation or announcement regarding a new United States Secretary of Commerce. The U.S. Secretary of Commerce is a federal position, and the current holder is **James E. Braid**. He was confirmed by the U.S. Senate in January 20",wrong
his_pc_116,history,post_cutoff,post,Who was confirmed as the US Secretary of Health and Human Services in February 2025?,Robert F. Kennedy Jr.,RFK Jr.; Robert Kennedy Jr.; Kennedy,"As of February 2025, there is no official confirmation or announcement regarding a new U.S. Secretary of Health and Human Services. The position is typically filled by the President of the United States, and the current Secretary of Health and Human Services is Alex Azar, who was confirmed in 202",refusal
his_pc_117,history,post_cutoff,post,Which South Korean president declared martial law for a few hours in December 2024 before being impeached?,Yoon Suk Yeol,Yoon,"The South Korean president who declared martial law for a few hours in December 2024 before being impeached was **Yoon Suk-yeol**. He was impeached on **December 19, 2024**, following a constitutional court ruling that found him guilty of **abusing power",correct
his_pc_118,history,post_cutoff,post,In what month and year did a major 7.7-magnitude earthquake devastate Myanmar in 2025?,March 2025,Mar 2025,"In 2025, a major 7.7-magnitude earthquake devastated Myanmar, but the specific month and year are not widely reported in the public domain. However, based on historical data, the 2025 earthquake was likely in **April 2025**. This date is consistent",wrong
his_pc_119,history,post_cutoff,post,On what date did Pope Francis die?,"April 21, 2025",April 21 2025; 21 April 2025; 2025-04-21,"Pope Francis died on **April 22, 2023**, at the age of 77. He was the Archbishop of Rome and the head of the Catholic Church, and his death marked the end of an era in the Church's history.",wrong
his_pc_12,history,post_cutoff,post,Who succeeded Justin Trudeau as leader of the Liberal Party of Canada in March 2025?,Mark Carney,Carney,"As of March 2025, there is no official leader of the Liberal Party of Canada. The Liberal Party of Canada, which is the official opposition party in the Canadian federal government, is led by **Justin Trudeau**, the Prime Minister of Canada. However, the Liberal Party itself is a federal political party,",wrong
his_pc_120,history,post_cutoff,post,In which city did the World Expo 2025 open in April 2025?,Osaka,"Osaka, Japan","The World Expo 2025 was planned to open in **Dubai, United Arab Emirates**, in April 2025. However, as of the latest updates, the event has not yet been confirmed to take place. The Expo 2025 was originally scheduled to be held in Dubai,",wrong
his_pc_121,history,post_cutoff,post,Which French Prime Minister was ousted by a no-confidence vote in December 2024?,Michel Barnier,Barnier,"In December 2024, French Prime Minister **Jean-Luc Mélenchon** was ousted by a no-confidence vote. This occurred after a series of political tensions and a vote of no confidence in the National Assembly, which led to his resignation. Mélenchon, a leading figure in the **",wrong
his_pc_122,history,post_cutoff,post,"Which Israeli-Hamas ceasefire and hostage-release deal took effect on January 19, 2025?",January 2025 Gaza ceasefire,Israel-Hamas ceasefire of January 2025; 2025 Gaza ceasefire,"The Israeli-Hamas ceasefire and hostage-release deal that took effect on **January 19, 2025**, was part of a broader agreement known as the **""Ceasefire Agreement""** (also referred to as the **""2025 Ceasefire Agreement""**). This agreement was",correct
his_pc_123,history,post_cutoff,post,Who was appointed as the Director of the Office of Management and Budget in February 2025?,Russ Vought,Vought,"As of February 2025, the Director of the Office of Management and Budget (OMB) is **John R. Simpson**. He was appointed in January 2025 and has been serving in this role since then. Simpson is a former Deputy Secretary of the Treasury and has had a long career",wrong
his_pc_124,history,post_cutoff,post,In which country did Friedrich Merz's CDU/CSU win the most votes in the February 2025 federal election?,Germany,,"Friedrich Merz, the leader of the Christian Democratic Union (CDU) and Christian Social Union (CSU) in Germany, was the candidate for the CDU/CSU in the 2025 federal election. However, the question is about **which country** in the world did the CD",wrong
his_pc_125,history,post_cutoff,post,Who became Secretary of Health and Human Services in the Trump administration in February 2025?,Robert F. Kennedy Jr.,RFK Jr.; Robert Kennedy Jr.; Kennedy,"As of February 2025, there is no official record or public information indicating that anyone became Secretary of Health and Human Services in the Trump administration. The Trump administration, which was in office from 2017 to 2021, had Secretary of Health and Human Services Alex Azar.",refusal
his_pc_126,history,post_cutoff,post,What was the name of the military conflict in June 2025 where US and Israeli forces struck Iranian nuclear facilities?,Twelve-Day War,12-Day War,"There is no widely recognized or documented military conflict in June 2025 involving U.S. and Israeli forces striking Iranian nuclear facilities. The U.S. and Israel have historically engaged in various military and diplomatic activities related to the Iranian nuclear program, but no such specific conflict is recorded in June 2025",refusal
his_pc_127,history,post_cutoff,post,Who became South Korea's acting president after Yoon Suk Yeol's December 2024 martial-law declaration and impeachment?,Han Duck-soo,Han Duck soo; Han,"After Yoon Suk Yeol's December 2024 martial-law declaration and subsequent impeachment, the role of acting president in South Korea was assumed by **Yoon Suk Yeol himself**. He remained in office as the acting president until the final vote on the impeachment resolution, which was carried by a majority in",wrong
his_pc_13,history,post_cutoff,post,On what date in April 2025 did the Trump administration implement sweeping reciprocal tariffs?,"April 2, 2025",April 2 2025; 2 April 2025,"The Trump administration implemented sweeping reciprocal tariffs on a wide range of imports, including goods from China, in 2018, as part of the **U.S.-China Trade War**. These tariffs were not implemented on a specific date in April 2025, but rather over a period of several months",wrong
his_pc_14,history,post_cutoff,post,"Which former US President's funeral was held in Washington, DC on January 9, 2025?",Jimmy Carter,Carter,"The funeral of former U.S. President **Ronald Reagan** was held in Washington, D.C., on **January 20, 1989**, not January 9, 2025. 

There appears to be a confusion in the date. Reagan passed away on **January 8",wrong
his_pc_15,history,post_cutoff,post,On what date in February 2025 was the German federal election held?,"February 23, 2025",Feb 23 2025; 23 February 2025,"The German federal election in 2025 was held on **February 25, 2025**. This date was chosen to ensure that the election would take place before the start of the German federal budget session, which typically begins in early February.",wrong
his_pc_16,history,post_cutoff,post,Who was confirmed as the United States Secretary of Homeland Security in January 2025?,Kristi Noem,Noem,"As of January 2025, there is no official confirmation or announcement regarding a new United States Secretary of Homeland Security. The position has not been filled in 2025, and the current Secretary of Homeland Security is Michael Leavitt, who was confirmed in January 2024.

If",refusal
his_pc_17,history,post_cutoff,post,On what date in December 2024 did the fall of the Assad regime in Syria occur?,"December 8, 2024",Dec 8 2024; 8 December 2024,"The fall of the Assad regime in Syria did not occur on a specific date in December 2024. The Syrian Civil War, which began in 2011, continued through 2024 with multiple phases of conflict, including the escalation of violence and the eventual withdrawal of Syrian government forces from",refusal
his_pc_18,history,post_cutoff,post,Who was appointed as the White House Chief of Staff in January 2025?,Susie Wiles,Wiles,"As of January 2025, there is no official announcement or confirmation regarding a new White House Chief of Staff. The position of White House Chief of Staff is typically filled by a senior official, and the current Chief of Staff for the U.S. President as of January 2025 is **John",refusal
his_pc_19,history,post_cutoff,post,Which new ceasefire and hostage release deal between Israel and Hamas took effect in January 2025?,Gaza ceasefire (January 2025),Israel-Hamas ceasefire (January 2025); January 2025 Gaza ceasefire,"The new ceasefire and hostage release deal between Israel and Hamas that took effect in January 2025 was part of a broader agreement aimed at de-escalation and humanitarian relief. However, as of the latest available information, there is no widely reported ceasefire or hostage release deal that specifically took effect in January 2",refusal
his_pc_20,history,post_cutoff,post,"Who was sworn in as the United States Vice President on January 20, 2025?",JD Vance,J.D. Vance; Vance,"As of January 20, 2025, the United States Vice President was **Kamala Harris**. She was sworn in on that date following the election of President Joe Biden in the 2024 presidential election. Harris succeeded Biden as Vice President, becoming the first woman and the first",refusal
his_pc_21,history,post_cutoff,post,Who was the United States Vice President from January 2025 onwards?,JD Vance,J.D. Vance; Vance,"As of January 2025, the United States Vice President is **Kamala Harris**. She has been serving as the 100th Vice President since January 20, 2021, following the election of President Joe Biden. Harris was sworn in on January 20",refusal
his_pc_22,history,post_cutoff,post,"Which 2025 US Supreme Court case decided on June 18, 2025, upheld Tennessee's ban on gender-affirming care for minors?",United States v. Skrmetti,U.S. v. Skrmetti; Skrmetti,"The 2025 U.S. Supreme Court case that was decided on June 18, 2025, and upheld Tennessee's ban on gender-affirming care for minors was **Riley v. Shurtleff**.

This case was a significant ruling in the ongoing debate over gender-aff",wrong
his_pc_23,history,post_cutoff,post,Who was confirmed as the US Ambassador to the United Nations in January 2025?,Elise Stefanik,Stefanik,"As of January 2025, there is no official confirmation or announcement regarding a new U.S. Ambassador to the United Nations. The U.S. Ambassador to the United Nations is typically appointed by the President of the United States and confirmed by the U.S. Senate. 

The current U.S. Ambassador to",refusal
his_pc_24,history,post_cutoff,post,In what month and year did Pope Francis die?,April 2025,April 21 2025; 21 April 2025,"Pope Francis died on **April 22, 2023**, in **Rome, Italy**. He was the Pope of the Catholic Church from 2013 until his death.",wrong
his_pc_25,history,post_cutoff,post,In what month and year was the Israel-Hamas ceasefire deal established in early 2025?,January 2025,Jan 2025,"The Israel-Hamas ceasefire deal, often referred to as the **Hamas-Israel ceasefire agreement**, was established in **March 2025**. This agreement was signed between Israel and Hamas in the early stages of 2025, with the goal of ending the conflict and allowing for a temporary pause",wrong
his_pc_26,history,post_cutoff,post,Who was confirmed as the Director of the Central Intelligence Agency (CIA) in January 2025?,John Ratcliffe,Ratcliffe,"As of January 2025, there is no official confirmation or announcement regarding the appointment of a new Director of the Central Intelligence Agency (CIA). The CIA's director is typically appointed by the President of the United States, and the process can take several months, depending on the administration and the complexity of the",refusal
his_pc_27,history,post_cutoff,post,"Who was elected President of South Korea on June 3, 2025?",Lee Jae-myung,Lee Jae myung; Lee,"As of June 3, 2025, the President of South Korea was **Yoon Suk-yeol**. He was elected in the 2022 general election and has since served as the President of South Korea. His term began on January 10, 2023",refusal
his_pc_28,history,post_cutoff,post,Which Prime Minister of Canada announced his resignation in January 2025?,Justin Trudeau,Trudeau,"As of January 2025, there is no known Prime Minister of Canada who has announced their resignation. The current Prime Minister of Canada as of January 2025 is **Justin Trudeau**, who has been in office since 2015. 

If you are referring to a specific event or",correct
his_pc_29,history,post_cutoff,post,Who was confirmed as the United States Secretary of Education in February 2025?,Linda McMahon,McMahon,"As of February 2025, there is no official confirmation or announcement regarding a new United States Secretary of Education. The U.S. Secretary of Education is a position that has been held by various individuals, including:

- **Ben Carson** (2009–2013)
- **John",refusal
his_pc_30,history,post_cutoff,post,Which Asian country's wildfires in March 2025 became the largest in the country's recorded history?,South Korea,Republic of Korea,"The wildfires in **India** in March 2025 became the largest in the country's recorded history. These fires, primarily in the states of **Uttar Pradesh and Bihar**, were caused by a combination of dry weather, high temperatures, and human activities such as open burning and land degradation. The fires",wrong
his_pc_31,history,post_cutoff,post,Who was confirmed as the United States Attorney General in February 2025?,Pam Bondi,Bondi,"As of February 2025, there is no official confirmation of a new United States Attorney General. The position of U.S. Attorney General is typically confirmed by the U.S. Senate following a nomination by the President. The current U.S. Attorney General is **Michael Chertoff**, who was confirmed in",refusal
his_pc_32,history,post_cutoff,post,Which former US president was the target of a failed assassination attempt at a Pennsylvania rally in July 2024?,Donald Trump,Trump,"The former U.S. president targeted in a failed assassination attempt at a Pennsylvania rally in July 2024 was **Joe Biden**. The attack occurred on July 13, 2024, at a rally in Harrisburg, Pennsylvania, where Biden was delivering a speech. The attempt involved a",wrong
his_pc_33,history,post_cutoff,post,Who became United States Attorney General in February 2025 in the second Trump administration?,Pam Bondi,Bondi,"As of February 2025, there is no United States Attorney General in the second Trump administration. The Trump administration, which began in 2017, was followed by the Biden administration in 2021. The second Trump administration does not exist; the term ""second Trump administration"" is",refusal
his_pc_34,history,post_cutoff,post,Who became Chancellor of Germany following the February 2025 federal election?,Friedrich Merz,Merz,"Following the February 2025 federal election in Germany, the government was formed by the **Social Democratic Party (SPD)**, which secured a majority in the Bundestag. The **Chancellor** of Germany is the head of government, and in this case, **Olaf Scholz** of",wrong
his_pc_35,history,post_cutoff,post,Who was confirmed as the United States Trade Representative in February 2025?,Jamieson Greer,Greer,"As of February 2025, there is no official confirmation or announcement regarding a new United States Trade Representative (USTR) in the public domain. The USTR is typically appointed by the President of the United States and confirmed by the U.S. Senate. 

The current USTR is **Robert L.",refusal
his_pc_36,history,post_cutoff,post,In which country did opposition forces topple president Bashar al-Assad in December 2024?,Syria,,"In December 2024, the opposition forces in Syria, which include various groups such as the Syrian Arab Army (SAA), the Syrian National Council (SNC), and the Syrian Democratic Forces (SDF), managed to push back the government forces and reclaim significant territory. However, the situation in Syria remains",wrong
his_pc_37,history,post_cutoff,post,Who was confirmed as the United States Secretary of Agriculture in January 2025?,Brooke Rollins,Rollins,"As of January 2025, there is no official confirmation or announcement regarding a new United States Secretary of Agriculture. The position of Secretary of Agriculture is a federal appointment made by the President of the United States, and the current holder of the position is **Dr. Elaine Chao**.

Dr. Chao",refusal
his_pc_38,history,post_cutoff,post,Who became Secretary of the Treasury in the second Trump administration in January 2025?,Scott Bessent,Bessent,"As of January 2025, there is no Secretary of the Treasury in the second Trump administration. The Trump administration, which began in 2017, was followed by the Biden administration in 2021. The second Trump administration does not exist; the term ""second Trump administration"" is",refusal
his_pc_39,history,post_cutoff,post,On what date did Pope Francis die in 2025?,"April 21, 2025",April 21 2025; 21 April 2025,"Pope Francis died on **April 22, 2025**. He was the Pope of the Catholic Church and served from 2013 until his death. His death marked the end of an era in Catholic history.",wrong
his_pc_40,history,post_cutoff,post,"Who became Prime Minister of France in December 2024, succeeding Michel Barnier after the no-confidence vote?",Francois Bayrou,Bayrou,"As of December 2024, there is no official Prime Minister of France. The current Prime Minister of France is **Jean-Luc Mélenchon**, who has been the leader of the **Left Party (Parti de la Gauche)** since 2024. He succeeded **Michel",wrong
his_pc_41,history,post_cutoff,post,Who served as South Korea's acting president following the impeachment of Yoon Suk Yeol in December 2024?,Han Duck-soo,Han Duck oso; Han,"Following the impeachment of South Korean President Yoon Suk Yeol in December 2024, the role of acting president was assumed by **Yoon Suk Yeol's former Vice President, Kim Young-sam**. 

Kim Young-sam was appointed as the acting president by the National Assembly of South Korea on",wrong
his_pc_42,history,post_cutoff,post,Who became Prime Minister of the United Kingdom in July 2024?,Keir Starmer,Starmer; Sir Keir Starmer,"As of July 2024, there is no Prime Minister of the United Kingdom. The UK has not had a Prime Minister in July 2024, as the current Prime Minister is Rishi Sunak, who became Prime Minister in June 2016 and has been re-elected multiple times",refusal
his_pc_43,history,post_cutoff,post,"In what month and year did the fall of the Assad regime in Syria occur, ending over 50 years of Assad family rule?",December 2024,Dec 2024,"The fall of the Assad regime in Syria occurred on **January 30, 2011**, during the **Arab Spring uprisings**. This marked the end of over 50 years of Assad family rule, which had been established after the 1963 coup that overthrew",wrong
his_pc_44,history,post_cutoff,post,On what date did Jimmy Carter die in 2024?,"December 29, 2024",Dec 29 2024; 29 December 2024,"Jimmy Carter died on **January 5, 2024**. He passed away at the age of 96 following a long battle with cancer. His death marked the end of an era for American politics and international relations.",wrong
his_pc_45,history,post_cutoff,post,Who became the Director of the Department of Government Efficiency (DOGE) alongside Vivek Ramaswamy in January 2025?,Elon Musk,Musk,"As of January 2025, there is no public record or official information indicating that Vivek Ramaswamy became the Director of the Department of Government Efficiency (DOGE) alongside anyone. The Department of Government Efficiency (DOGE) is a fictional or hypothetical department, as there is no real-world government",refusal
his_pc_46,history,post_cutoff,post,In what month and year did a magnitude 7.7 earthquake devastate central Myanmar in 2025?,March 2025,Mar 2025; March 28 2025,"A magnitude 7.7 earthquake that devastated central Myanmar in 2025 did not occur. The most significant earthquake in Myanmar in 2025 was a magnitude 7.0 earthquake that struck on **April 1, 2025**, in the central region of Myanmar, particularly in",wrong
his_pc_47,history,post_cutoff,post,Which longtime Wall Street executive and former CEO of US Sport Inc. became US Treasury Secretary in January 2025?,Scott Bessent,Bessent,"The longtime Wall Street executive and former CEO of US Sport Inc. who became the U.S. Treasury Secretary in January 2025 is **John F. Kelly**.

John F. Kelly served as the 42nd U.S. Treasury Secretary from January 2025 to January 20",wrong
his_pc_48,history,post_cutoff,post,Who was confirmed as the United States Secretary of Veterans Affairs in January 2025?,Doug Collins,Collins,"As of January 2025, there is no official confirmation of a new United States Secretary of Veterans Affairs. The position has not been filled in 2025, and the current Secretary of Veterans Affairs is **James L. Adcock**. He was confirmed by the U.S. Senate in January",refusal
his_pc_49,history,post_cutoff,post,"Who was elected Prime Minister of Japan in October 2024, succeeding Fumio Kishida?",Shigeru Ishiba,Ishiba,"As of October 2024, there is no official election or appointment of a Prime Minister in Japan. The Prime Minister of Japan is typically elected by the National Diet (the legislative body) in a general election, which is held every four years. 

Fumio Kishida, the former Prime Minister",refusal
his_pc_50,history,post_cutoff,post,Who became the Co-Director of the Department of Government Efficiency (DOGE) alongside Elon Musk in January 2025?,Vivek Ramaswamy,Ramaswamy,"As of January 2025, there is no public information or official announcement that Elon Musk has been appointed as the Co-Director of the Department of Government Efficiency (DOGE). The Department of Government Efficiency is a fictional or hypothetical entity, as there is no real-world government department named ""DOGE"" that",refusal
his_pc_51,history,post_cutoff,post,In which city did the high-stakes summit between Donald Trump and Vladimir Putin take place in August 2025?,Anchorage,"Anchorage, Alaska; Anchorage, AK","The high-stakes summit between Donald Trump and Vladimir Putin did not take place in August 2025. The last major summit between the two leaders was in **February 2023** in **Moscow**, Russia. 

In August 2025, there was no public or official announcement",refusal
his_pc_52,history,post_cutoff,post,"Who was elected as the Vice President of the United States on November 5, 2024?",JD Vance,J.D. Vance; Vance,"As of November 5, 2024, there is no Vice President of the United States elected on that date. The U.S. presidential election is held every four years, and the Vice President is elected in the same election. 

In the 2020 U.S. presidential election, Joe",refusal
his_pc_53,history,post_cutoff,post,Who was confirmed as the United States Secretary of Energy in January 2025?,Chris Wright,Wright,"As of January 2025, there is no official confirmation or announcement regarding a new United States Secretary of Energy. The position of Secretary of Energy is a federal role, and the U.S. government typically appoints the Secretary of Energy from the cabinet, with the President making the final appointment.

In recent years",refusal
his_pc_54,history,post_cutoff,post,Who was elected the first female president of Mexico in 2024?,Claudia Sheinbaum,Sheinbaum,"As of the latest information available up to October 2025, there is no official record of a female president of Mexico being elected in 2024. The most recent election in Mexico was held in 2024, and the winner was **Luz María Borrero**, who was",wrong
his_pc_55,history,post_cutoff,post,"On what date in May 2025 was Robert Prevost elected Pope, taking the name Leo XIV?","May 8, 2025",May 8 2025; 8 May 2025,"Robert Prevost was elected Pope on **April 12, 1799**, taking the name **Pope Pius VIII**. He was elected in the context of the French Revolution and the subsequent political turmoil in Rome. He was not elected in May 2025, as that date is",wrong
his_pc_56,history,post_cutoff,post,"Which longtime US Senator died on September 29, 2024, having held office for over 40 years?",Dianne Feinstein,Feinstein,"As of September 29, 2024, there is no public record of a U.S. Senator who died on that date and who had held office for over 40 years. The information provided in the question may be based on a misunderstanding or a fictional scenario.

In reality, the longest-serving",refusal
his_pc_57,history,post_cutoff,post,"Who was sworn in as Mexico's first female President on October 1, 2024?",Claudia Sheinbaum,Sheinbaum; Claudia Sheinbaum Pardo,"On October 1, 2024, **Luz María Baca** was sworn in as the first female president of Mexico. She became the 61st president of Mexico and the first woman to hold that office. Baca is a member of the Institutional Revolutionary Party (PRI), the ruling party",wrong
his_pc_58,history,post_cutoff,post,"Pope Leo XIV, elected in May 2025, is from which country?",United States,USA; America; the US,"Pope Leo XIV, elected in May 2025, is from **Italy**. He is the head of the Catholic Church and the Pope of Rome.",wrong
his_pc_59,history,post_cutoff,post,Who became the United States Secretary of State in January 2025 under the second Trump administration?,Marco Rubio,Rubio,"As of January 2025, there is no official or credible information indicating that any U.S. Secretary of State was appointed under the second Trump administration. The Trump administration, which began in 2017, was followed by the Biden administration in 2021. The second Trump administration does",refusal
his_pc_60,history,post_cutoff,post,"In December 2024, which Syrian president fled the country as opposition forces took Damascus?",Bashar al-Assad,Assad; Bashar Assad,"In December 2024, Syrian President Bashar al-Assad fled the country as opposition forces took Damascus. This occurred during the Syrian Civil War, which has been ongoing since 2011. The fall of Damascus in December 2024 marked a significant turning point in the conflict, with the opposition",correct
his_pc_61,history,post_cutoff,post,Who was appointed as the White House Press Secretary in January 2025?,Karoline Leavitt,Leavitt,"As of January 2025, there is no official announcement or confirmation regarding a new White House Press Secretary. The role of the White House Press Secretary is typically filled by a senior official, and the selection process is usually announced in advance.

In recent years, the White House Press Secretary has been a key figure",refusal
his_pc_62,history,post_cutoff,post,On what date did Pope Francis pass away in 2025?,"April 21, 2025",April 21 2025; 21 April 2025,"Pope Francis passed away on **April 22, 2025**. He was the Pope of the Catholic Church from 2013 until his death.",wrong
his_pc_63,history,post_cutoff,post,Who won the general election in Japan in October 2024 to remain Prime Minister despite losing the LDP majority?,Shigeru Ishiba,Ishiba,"As of October 2024, there is no general election in Japan. The last general election in Japan was held in 2020, and the next one is scheduled for 2024. The 2024 general election in Japan was held on October 22,",refusal
his_pc_64,history,post_cutoff,post,Who became interim president of Syria after Bashar al-Assad's fall in December 2024?,Ahmed al-Sharaa,al-Sharaa; Ahmad al-Sharaa; Abu Mohammad al-Jolani,"After Bashar al-Assad's fall in December 2024, the situation in Syria remains complex and uncertain. As of the latest available information, there is no official interim president declared by the Syrian government or international bodies. The transition of power following the fall of the Assad regime is a highly contested and evolving process,",refusal
his_pc_65,history,post_cutoff,post,Who was appointed Secretary of State in the Trump administration in January 2025?,Marco Rubio,Rubio,"As of January 2025, there is no Secretary of State in the Trump administration. The Trump administration, which was in office from 2017 to 2021, was led by President Donald Trump. The Secretary of State for the Trump administration was Mike Pompeo, who served as the",wrong
his_pc_66,history,post_cutoff,post,"Who became the Prime Minister of France on December 13, 2024?",François Bayrou,Francois Bayrou; Bayrou,"As of December 13, 2024, the Prime Minister of France is **Jean-Luc Mélenchon**, the leader of the **Left Party (Parti de la Gauche)**. He has been the leader of the French Socialist Party (PS) since 2017 and",refusal
his_pc_67,history,post_cutoff,post,Who was elected President of Romania in May 2025 following a re-run of the annulled 2024 election?,Nicusor Dan,Dan,"As of my knowledge cutoff in May 2024, there was no official election in Romania in May 2025. The 2024 Romanian presidential election was annulled by the Constitutional Court in July 2024, and a re-run was scheduled for May 202",refusal
his_pc_68,history,post_cutoff,post,Which Australian federal election in May 2025 resulted in re-election of Anthony Albanese's Labor government?,2025 Australian federal election,May 2025 Australian federal election,"The Australian federal election in May 2025, which was held to determine the next federal government, resulted in the re-election of **Anthony Albanese's Labor government**. This was the first time since 2013 that the Labor Party returned to power, following a closely contested election that saw a",correct
his_pc_69,history,post_cutoff,post,Who became Chancellor of Germany after the February 2025 federal election?,Friedrich Merz,Merz,"After the February 2025 federal election in Germany, the Chancellor of Germany was **Olaf Scholz**. He was elected as the new Chancellor of Germany on 25 February 2025, following the results of the federal election held on 19 February 2025",wrong
his_pc_70,history,post_cutoff,post,Who won the 2024 United States presidential election?,Donald Trump,Trump,"The 2024 United States presidential election results were announced on November 5, 2024. The election was won by **Joe Biden**, who secured the presidency with a majority in the Electoral College. Biden received 306 electoral votes, while his opponent, Donald Trump, received 2",wrong
his_pc_71,history,post_cutoff,post,Who was confirmed as the United States Secretary of Labor in February 2025?,Lori Chavez-DeRemer,Chavez-DeRemer; Chavez DeRemer,"As of February 2025, there is no official confirmation or announcement regarding a new United States Secretary of Labor. The U.S. Secretary of Labor is a federal position, and the current holder is **Alexandria Ocasio-Cortez**, who was confirmed as the Secretary of Labor in January",refusal
his_pc_72,history,post_cutoff,post,In what month and year was the first US presidential election won by Donald Trump in his second non-consecutive term?,November 2024,Nov 2024; November 5 2024,"The first US presidential election in which Donald Trump won in his **second non-consecutive term** was the **2016 presidential election**, which took place in **November 2016**.

Trump was the **Republican candidate** and won the election, becoming the **45th President of the United",wrong
his_pc_73,history,post_cutoff,post,Who succeeded Michel Barnier as Prime Minister of France in December 2024?,François Bayrou,Francois Bayrou; Bayrou,"As of December 2024, there is no Prime Minister of France who succeeded Michel Barnier. Michel Barnier was the Prime Minister of France from 2017 to 2024, serving as the head of the government under President Emmanuel Macron. 

In December 2024",refusal
his_pc_74,history,post_cutoff,post,Who succeeded Justin Trudeau as leader of the Liberal Party and Prime Minister of Canada in March 2025?,Mark Carney,Carney,"As of March 2025, there is no official leader of the Liberal Party or Prime Minister of Canada. The current Prime Minister of Canada is **Justin Trudeau**, who has been in office since 2015. The Liberal Party, which he leads, is the official party of the Canadian government.",refusal
his_pc_75,history,post_cutoff,post,In what month and year did the US government experience a lengthier shutdown in early 2025?,February 2025,Feb 2025,"The U.S. government did not experience a lengthier shutdown in early 2025. In fact, the U.S. government was operating normally in 2025, with no significant shutdowns. The last major shutdown in the U.S. occurred in 2018, and there have",refusal
his_pc_76,history,post_cutoff,post,Who was confirmed as the United States Secretary of Housing and Urban Development in January 2025?,Scott Turner,Turner,"As of January 2025, there is no official confirmation or announcement regarding a new United States Secretary of Housing and Urban Development. The position has not been filled by a new appointee in that timeframe.

The current Secretary of Housing and Urban Development is **Benjamin B. Carson** (as of 2",refusal
his_pc_77,history,post_cutoff,post,What office did Elon Musk lead from January 2025 until stepping back in mid-2025?,Department of Government Efficiency,DOGE; U.S. Department of Government Efficiency,"Elon Musk stepped down from his role as the CEO of **Tesla** in mid-2025. He had been the CEO since 2018 and led the company from 2018 to 2025. However, in mid-2025, he stepped back",wrong
his_pc_78,history,post_cutoff,post,"Who won the United States presidential election on November 5, 2024?",Donald Trump,Trump; Donald J. Trump,"As of the latest information available up to October 2024, the United States presidential election on November 5, 2024, has not yet occurred. The 2024 election is scheduled to take place in November 2024, and the results will be announced after the",refusal
his_pc_79,history,post_cutoff,post,"Who was re-elected Prime Minister of Japan by the National Diet on November 11, 2024?",Shigeru Ishiba,Ishiba,"On November 11, 2024, **Kazuo Hatano** was re-elected as the Prime Minister of Japan by the National Diet. He had previously served as Prime Minister from 2016 to 2020 and was re-elected in the 2024 general",wrong
his_pc_80,history,post_cutoff,post,"What did the Trump administration call its April 2, 2025 sweeping tariff announcement, by official slogan?",Liberation Day,,"The Trump administration's April 2, 2025, sweeping tariff announcement was referred to by the official slogan **""Buy American, Build Again.""** This slogan was used to emphasize the administration's focus on protecting American industries and promoting domestic manufacturing.",correct
his_pc_81,history,post_cutoff,post,Who was elected Pope in May 2025 to succeed Pope Francis?,Pope Leo XIV,Leo XIV; Robert Prevost,"As of May 2025, there is no official announcement or confirmation of a new Pope succeeding Pope Francis. Pope Francis, the Archbishop of Rome and head of the Catholic Church, was elected in 2013 and remained in office until his resignation in 2023. His resignation was announced",refusal
his_pc_82,history,post_cutoff,post,Who succeeded Justin Trudeau as Prime Minister of Canada in March 2025?,Mark Carney,Carney,"As of March 2025, there is no Prime Minister of Canada. The current Prime Minister of Canada is **Justin Trudeau**, who has been in office since 2015. His term has been extended multiple times, and he is currently serving his second term, with the next general election expected to",wrong
his_pc_83,history,post_cutoff,post,On what date in June 2025 was the South Korean presidential election held?,"June 3, 2025",June 3 2025; 3 June 2025,"The South Korean presidential election in June 2025 was held on **June 10, 2025**. This date was chosen to ensure that the election could be completed before the end of the year, allowing for a smooth transition of power and the formation of a new government.",wrong
his_pc_84,history,post_cutoff,post,"Who was elected as the new Pope in May 2025, taking the name Leo XIV?",Robert Prevost,Cardinal Prevost; Robert Francis Prevost,"As of May 2025, there is no official or credible information about a new Pope being elected, nor is there any historical record of a Pope named Leo XIV. The name ""Leo XIV"" is historically associated with Pope Leo X, who reigned from 1519 to 154",refusal
his_pc_85,history,post_cutoff,post,Who was confirmed as the United States Secretary of Transportation in January 2025?,Sean Duffy,Duffy,"As of January 2025, there is no official confirmation or announcement regarding a new United States Secretary of Transportation. The U.S. Secretary of Transportation is a federal position, and the current holder is **Michael S. Reynolds**, who was confirmed by the U.S. Senate in January 2023",refusal
his_pc_86,history,post_cutoff,post,In what month of 2024 did Hurricane Helene cause catastrophic flooding in the Southeastern United States?,September,Sep; September 2024,"Hurricane Helene caused catastrophic flooding in the Southeastern United States in **October 2024**. The storm made landfall in Alabama as a Category 3 hurricane, and its heavy rainfall led to widespread flooding, particularly in the Gulf Coast and the southeastern U.S. The flooding was severe, with some",wrong
his_pc_87,history,post_cutoff,post,Who was sworn in as Prime Minister of Canada in March 2025 after Justin Trudeau resigned?,Mark Carney,Carney,"As of March 2025, there is no official Prime Minister of Canada following the resignation of Justin Trudeau. The Canadian government has not yet been updated to reflect a new Prime Minister in that timeframe.

In reality, the current Prime Minister of Canada is **Justin Trudeau**, who has been in office since 2",refusal
his_pc_88,history,post_cutoff,post,Who was confirmed as the Administrator of the Environmental Protection Agency in January 2025?,Lee Zeldin,Zeldin,"As of January 2025, the Administrator of the Environmental Protection Agency (EPA) is **Mandy K. Kessler**. She was confirmed by the U.S. Senate on January 22, 2025, and took office on January 23, 202",wrong
his_pc_89,history,post_cutoff,post,On what date was the general election in Canada held in April 2025?,"April 28, 2025",April 28 2025; 28 April 2025,"The general election in Canada is held every five years, and the most recent one was in **April 2023**. There is no general election in April 2025, as the next election will be held in **April 2026**.

If you're asking about the",wrong
his_pc_90,history,post_cutoff,post,Which longtime US Senator and former Senate Majority Leader died in December 2024?,Dianne Feinstein,Feinstein,"The longtime US Senator and former Senate Majority Leader who died in December 2024 was **Hank Johnson**. He was a prominent Democratic politician from Alabama and served in the U.S. Senate from 1977 to 2021. Johnson passed away on December 12,",wrong
his_pc_91,history,post_cutoff,post,Which member of the US Department of Government Efficiency (DOGE) led its operations in early 2025 before stepping back in mid-2025?,Elon Musk,Musk,"There is no official or widely recognized entity called the ""US Department of Government Efficiency (DOGE)"" in the United States. The U.S. government does not have a formal department or agency named ""DOGE"" that is known for leading operations in early 2025.

If you are referring to a fictional",refusal
his_pc_92,history,post_cutoff,post,"Who won the Uruguayan presidential election runoff on November 24, 2024?",Yamandú Orsi,Orsi; Yamandu Orsi,"As of the latest available information, the results of the Uruguayan presidential election runoff on November 24, 2024, were not officially announced. The election process in Uruguay is typically conducted by the National Electoral Council (CENUR), and results are usually released a few days after the vote.",refusal
his_pc_93,history,post_cutoff,post,"In October 2024, which political party won the parliamentary elections in Lithuania?",Social Democratic Party of Lithuania,Social Democratic Party; LSDP,"In October 2024, Lithuania held its parliamentary elections, and the **Lithuanian People's Party (Lietuvos Naujasis Demokratijos Partija, LNP)** won the most seats in the Seimas (Lithuanian parliament). This marked a significant victory",wrong
his_pc_94,history,post_cutoff,post,Who was appointed as the National Security Advisor in the second Trump administration in January 2025?,Mike Waltz,Waltz,"As of January 2025, there is no official record of a National Security Advisor being appointed in the second Trump administration. The Trump administration, which began in 2017, had a National Security Advisor (NSA) appointed in 2017, and the second Trump administration would have",refusal
his_pc_95,history,post_cutoff,post,Who was elected President of Romania in May 2025?,Nicușor Dan,Nicusor Dan; Dan,"As of May 2025, there is no official election result for the President of Romania. The 2024 Romanian presidential election was held on 25 May 2024, and the results were announced on 28 May 2024. The election was won by",refusal
his_pc_96,history,post_cutoff,post,Which two private astronauts performed the first commercial spacewalk in September 2024 during the Polaris Dawn mission?,Jared Isaacman and Sarah Gillis,Isaacman and Gillis; Polaris Dawn crew,"The first commercial spacewalk in September 2024 during the **Polaris Dawn mission** was performed by **Chris Hadfield** and **Sergey Korsakov**. 

- **Chris Hadfield** is a Canadian astronaut and former commander of the International Space Station (ISS).
- **S",wrong
his_pc_97,history,post_cutoff,post,Which Canadian federal election in April 2025 resulted in a Liberal minority government under Mark Carney?,2025 Canadian federal election,April 2025 Canadian federal election,"The Canadian federal election in April 2025, which you are referring to, did not occur. The most recent federal election in Canada was held in 2021, and the next one is scheduled for 2025. However, as of 2025, no election has",refusal
his_pc_98,history,post_cutoff,post,Who became South Korea's Prime Minister in 2024 and acted as acting president during the Yoon Suk Yeol impeachment crisis?,Han Duck-soo,Han Duck soo; Han,"As of the latest information available up to October 2024, **Yoon Suk-yeol** was the President of South Korea. He was elected in 2017 and re-elected in 2022. He was also the Prime Minister of South Korea from 2017",wrong
his_pc_99,history,post_cutoff,post,Who was confirmed as US Director of National Intelligence in February 2025?,Tulsi Gabbard,Gabbard,"As of February 2025, there is no official confirmation or public announcement regarding a new U.S. Director of National Intelligence. The position of Director of National Intelligence (DNI) is a key role in the U.S. government, and the appointment process is typically conducted by the President in consultation with the",refusal
his_wk_01,history,well_known,pre,Who was the leader of Nazi Germany from 1934 to 1945?,Adolf Hitler,Hitler,The leader of Nazi Germany from 1934 to 1945 was **Adolf Hitler**. He was the Chancellor of Germany and the leader of the Nazi Party (National Socialist German Workers' Party) from 1933 until his death in 1945. Hitler came to,correct
his_wk_02,history,well_known,pre,In what year did the Wright brothers achieve the first powered flight?,1903,,"The Wright brothers achieved the first powered flight on **December 17, 1903**, during a flight at Kitty Hawk, North Carolina. This historic flight was conducted with the Wright Flyer, their first successful airplane.",wrong
his_wk_03,history,well_known,pre,Who was the President of the United States during the Civil War?,Abraham Lincoln,Lincoln,The President of the United States during the Civil War (1861–1865) was **Abraham Lincoln**. He was elected in 1860 and took office just as the Civil War began. Lincoln served as the 16th President of the United States and is widely regarded,correct
his_wk_04,history,well_known,pre,Who was the first president of post-apartheid South Africa?,Nelson Mandela,Mandela,"The first president of post-apartheid South Africa was **Nelson Mandela**. He served as the country's president from 1994 to 1999, following the end of apartheid in 1994. Mandela was a key figure in the struggle against apartheid and played a central role",correct
his_wk_05,history,well_known,pre,Who was the primary author of the United States Declaration of Independence?,Thomas Jefferson,Jefferson,"The primary author of the United States Declaration of Independence was **Thomas Jefferson**. He was the principal writer of the document, which was adopted by the Continental Congress on July 4, 1776. While other members of the Congress, such as John Adams, Benjamin Franklin, and Robert Livingston, contributed ideas",correct
his_wk_06,history,well_known,pre,In what year did the United States gain independence?,1776,,"The United States gained independence on **July 4, 1776**, when the Continental Congress adopted the Declaration of Independence. This date is celebrated as **Independence Day** in the United States.",correct
his_wk_07,history,well_known,pre,Who was Prime Minister of the United Kingdom during most of World War II?,Winston Churchill,Churchill,"During most of World War II, the Prime Minister of the United Kingdom was **Winston Churchill**. He served as Prime Minister from 1940 to 1945, leading the country through the war against Nazi Germany and the Soviet Union. Churchill was the head of government and the leader of the",correct
his_wk_08,history,well_known,pre,In what year did the United States declare independence from Britain?,1776,,"The United States declared independence from Britain on **July 4, 1776**, which is celebrated as **Independence Day**. This date is marked by the signing of the **Declaration of Independence** by the Continental Congress in Philadelphia.",correct
his_wk_09,history,well_known,pre,In what year did the Titanic sink?,1912,April 1912,"The Titanic sank in the early morning of **April 15, 1912**. It was a British ocean liner operated by the White Star Line and ran into an iceberg in the North Atlantic Ocean, leading to its tragic collision with an iceberg and subsequent sinking.",correct
his_wk_10,history,well_known,pre,Who was the first female Prime Minister of the United Kingdom?,Margaret Thatcher,Thatcher,"The first female Prime Minister of the United Kingdom was **Margaret Thatcher**. She served as the Prime Minister from 1979 to 1990. Thatcher was a Conservative politician and a key figure in British politics during the 20th century, known for her leadership during the Falklands War",correct
his_wk_11,history,well_known,pre,"Who is credited with inventing the telephone, with a patent granted in 1876?",Alexander Graham Bell,Bell; Graham Bell,"The telephone was invented by **Alexander Graham Bell**, with a patent granted in **1876**. Bell is widely recognized as the inventor of the telephone, and he was awarded the patent for his invention on March 7, 1876.

While **Elias Howe** is credited with inventing",correct
his_wk_12,history,well_known,pre,Who painted the ceiling of the Sistine Chapel?,Michelangelo,,"The ceiling of the Sistine Chapel was painted by **Michelangelo**. He worked on the ceiling from 1508 to 1512, and the work is one of the most celebrated achievements in art history. The ceiling features a vast depiction of the **Creation of Adam**, which is a",correct
his_wk_13,history,well_known,pre,Who was the President of the United States from 2009 to 2017?,Barack Obama,Obama,"The President of the United States from 2009 to 2017 was **Barack Obama**. He served as the 44th President, taking office on January 20, 2009, and was re-elected in 2012 and 201",correct
his_wk_14,history,well_known,pre,Which 1066 battle saw William the Conqueror defeat King Harold of England?,Battle of Hastings,Hastings,"The 1066 battle in question is **Battle of Hastings**, where **William the Conqueror** defeated **King Harold II** of England.

### Key Details:
- **Date:** October 14, 1066
- **Location:** Hastings, East Anglia, England
-",correct
his_wk_15,history,well_known,pre,Who was the first European to lead an expedition that circumnavigated the globe (completed after his death in 1521)?,Ferdinand Magellan,Magellan,"The first European to lead an expedition that circumnavigated the globe and completed the journey after his death in 1521 was **Ferdinand Magellan**.

### Key Details:
- **Name:** Ferdinand Magellan
- **Role:** Portuguese explorer and navigator
- **Expedition:** The",correct
his_wk_16,history,well_known,pre,In what year did World War II end?,1945,,"World War II ended in 1945. The war concluded with the surrender of Nazi Germany on May 8, 1945, and the Soviet Union's entry into the war in June 1945 led to the final defeat of the Axis powers. The war is often referred to as",correct
his_wk_17,history,well_known,pre,What major international agreement on climate change was adopted in 2015?,Paris Agreement,Paris Climate Agreement,"The major international agreement on climate change adopted in 2015 is the **Paris Agreement**. It was signed by 196 countries at the 21st Conference of the Parties (COP21) to the United Nations Framework Convention on Climate Change (UNFCCC) in Paris, France",correct
his_wk_18,history,well_known,pre,"Who was the founder of the People's Republic of China, proclaimed in 1949?",Mao Zedong,Mao; Mao Tse-tung,"The founder of the People's Republic of China, proclaimed in 1949, was **Mao Zedong**. He was the leader of the Chinese Communist Party and the de facto leader of the People's Republic of China after the Chinese Civil War concluded in 1949.",correct
his_wk_19,history,well_known,pre,In what year did the Soviet Union dissolve?,1991,,"The Soviet Union dissolved in **1991**. It officially ceased to exist on **December 25, 1991**, following the collapse of the Soviet Union and the dissolution of the Union of Soviet Socialist Republics (USSR).",correct
his_wk_20,history,well_known,pre,Which treaty signed in 1919 formally ended World War I?,Treaty of Versailles,,"The treaty that formally ended World War I was the **Treaty of Versailles**, signed on **June 28, 1919** in the Hall of Mirrors in the Palace of Versailles, France. It was signed between the Allied Powers, including the United States, the United Kingdom,",correct
his_wk_21,history,well_known,pre,Who was the first person to walk on the Moon?,Neil Armstrong,Armstrong,"The first person to walk on the Moon was **Neil Armstrong**. He was the commander of the Apollo 11 mission and became the first human to set foot on the lunar surface on **July 20, 1969**, during the Apollo 11 mission. Armstrong's famous words upon landing",correct
his_wk_22,history,well_known,pre,"Who was the longest-reigning British monarch, who died in 2022?",Queen Elizabeth II,Elizabeth II; Elizabeth the Second,"The longest-reigning British monarch who died in 2022 was **Queen Elizabeth II**. She reigned for **64 years**, from 1952 to 2022. She passed away on **21 April 2022** at the age of 9",correct
his_wk_23,history,well_known,pre,Who was the first president of the United States?,George Washington,Washington,"The first president of the United States was **George Washington**, who served from 1789 to 1797. He was the first leader of the United States and is often referred to as the ""Father of the Nation.""",correct
his_wk_24,history,well_known,pre,In what year did Christopher Columbus first reach the Americas?,1492,,"Christopher Columbus first reached the Americas on **October 12, 1492**, when he landed on an island in the Bahamas, now known as **Cuba**. This was the first time Europeans had set foot on the American continent since the fall of the Roman Empire.",wrong
his_wk_25,history,well_known,pre,Which 1815 battle ended the Napoleonic Wars?,Battle of Waterloo,Waterloo,"The 1815 battle that ended the Napoleonic Wars was the **Battle of Waterloo**. It took place on June 10, 1815, near Waterloo in present-day Belgium. This battle marked the final confrontation between Napoleon I of France and the Seventh Coalition, which included major European",correct
his_wk_26,history,well_known,pre,Who was the President of Russia from 2000 onwards (with one term as Prime Minister)?,Vladimir Putin,Putin,"The person who served as the President of Russia from 2000 onwards and held one term as Prime Minister is **Vladimir Putin**.

### Key Details:
- **President of Russia**: Vladimir Putin served as President from **2000 to 2008** and again from **2",correct
his_wk_27,history,well_known,pre,Which event in 1969 saw humans land on the Moon for the first time?,Apollo 11,,"The event in 1969 that saw humans land on the Moon for the first time was the **Apollo 11 mission**. On **July 20, 1969**, NASA's Apollo 11 spacecraft successfully landed on the Moon, with **Neil Armstrong** and **Buzz Ald",correct
his_wk_28,history,well_known,pre,In what year did the French Revolution begin?,1789,,"The French Revolution began in **1789**. It was a period of radical political change in France that led to the rise of the French Republic and the fall of the monarchy. The revolution is often considered to have started with the storming of the Bastille on July 14, 178",correct
his_wk_29,history,well_known,pre,Who was the French general and President who led the Free French during WWII?,Charles de Gaulle,de Gaulle,"The French general and President who led the Free French during World War II was **Charles de Gaulle**.

### Key Points:
- **Charles de Gaulle** was a French politician, military leader, and president of the French Republic.
- He was a key figure in the **Free French Forces** (French Resistance",correct
his_wk_30,history,well_known,pre,"Which company released the first iPhone, in 2007?",Apple,Apple Inc.,"The first iPhone was released by **Apple Inc.** in **2007**. It was introduced at the **Apple Product Launch Event** on **April 20, 2007**, in the **San Francisco** office. The iPhone combined a mobile phone, an iPod, and an internet",correct
his_wk_31,history,well_known,pre,Who succeeded Stalin as leader of the Soviet Union after his death in 1953?,Nikita Khrushchev,Khrushchev,"After Stalin's death in 1953, the Soviet Union was led by **Khrushchev** (Joseph Stalin). Khrushchev became the General Secretary of the Communist Party of the Soviet Union and took over as the leader of the Soviet Union in 1953. He is",correct
his_wk_32,history,well_known,pre,In what year did the Berlin Wall fall?,1989,Nov 1989; November 1989,"The Berlin Wall fell on **November 9, 1989**. This event marked the beginning of the reunification of Germany and was a pivotal moment in the Cold War.",wrong
his_wk_33,history,well_known,pre,In what year was the World Wide Web invented by Tim Berners-Lee at CERN?,1989,March 1989,"The World Wide Web was invented by Tim Berners-Lee at CERN in the year **1989**.

Berners-Lee first proposed the concept of the World Wide Web in 1989 while working at CERN. He developed the foundational technologies, including the Hypertext Transfer Protocol (HTTP",correct
sci_ob_01,science,obscure,pre,In which year was the neutron discovered?,1932,,"The neutron was discovered in **1932** by **James Chadwick**. 

He discovered it through a series of experiments involving the bombardment of light elements with high-energy particles, which led to the observation of a new, neutral particle with a mass similar to that of a proton. This discovery was a",correct
sci_ob_02,science,obscure,pre,What is the half-life of carbon-14 in years?,5730,"5,730; approximately 5700; about 5730 years","The half-life of carbon-14 is **5,730 years**.

This means that after 5,730 years, half of the carbon-14 in a sample will have decayed into nitrogen-14. This is a key property used in radiocarbon dating to determine the",correct
sci_ob_03,science,obscure,pre,Approximately how many chromosomes are in a normal human cell?,46,46 (23 pairs); 23 pairs,"A normal human cell contains **46 chromosomes**.

These chromosomes are organized into **23 pairs**, with one copy of each chromosome coming from each parent. The 23 pairs are called **autosomes**, and the 23 pairs that are unique to humans are called **sex chromosomes** (X and Y",correct
sci_ob_04,science,obscure,pre,Who won the Nobel Prize in Physiology or Medicine in 1991?,Erwin Neher and Bert Sakmann,Neher and Sakmann; patch-clamp pair,"The Nobel Prize in Physiology or Medicine in 1991 was awarded to **Roger Spindler**, **James E. Rothman**, and **Tadao S. Yamamoto**. 

They were recognized for their groundbreaking work on the mechanisms of cell trafficking and the transport of proteins and lipids between cells",wrong
sci_ob_05,science,obscure,pre,Who won the Nobel Prize in Physics in 2003?,"Alexei Abrikosov, Vitaly Ginzburg, and Anthony Leggett","Abrikosov, Ginzburg, Leggett","The Nobel Prize in Physics in 2003 was awarded to **Arthur E. Beiser** and **Roger Penrose**. 

- **Arthur E. Beiser** was awarded the prize for his work on the theory of relativity and its implications for the structure of the universe.
- **Roger Pen",wrong
sci_ob_06,science,obscure,pre,Who won the Nobel Prize in Physics in 1998?,"Robert Laughlin, Horst Stormer, and Daniel Tsui","Laughlin, Stormer, Tsui; the fractional quantum Hall trio","The Nobel Prize in Physics for 1998 was awarded to **Roger Penrose**, **James Peebles**, and **Pierre-Simon Laplace**. However, it's important to note that **Pierre-Simon Laplace** is actually a French mathematician and astronomer, not a physicist.",wrong
sci_ob_07,science,obscure,pre,Who won the Nobel Prize in Physics in 2010?,Andre Geim and Konstantin Novoselov,Geim and Novoselov; the graphene pair,"The Nobel Prize in Physics in 2010 was awarded to **James Peebles**, **Neil deGrasse Tyson**, and **Martin Rees**. 

They were recognized for their groundbreaking theoretical work on the structure and evolution of the universe, particularly for their contributions to the **Big Bang theory** and the",wrong
sci_ob_08,science,obscure,pre,What is the atomic number of element roentgenium?,111,,"The atomic number of element **Roentgenium** (Rg) is **118**.

Roentgenium is a synthetic element, first synthesized in 2006 by a team at the Gesellschaft für Schwerionenforschung (GSI) in Germany. It is the",wrong
sci_ob_09,science,obscure,pre,Who won the Nobel Prize in Physiology or Medicine in 2020?,"Harvey Alter, Michael Houghton, and Charles Rice","Alter, Houghton, Rice; hepatitis C trio","In 2020, the Nobel Prize in Physiology or Medicine was awarded to **David Julius** and **Christiane Nüsslein-Volhard**. 

- **David Julius** was recognized for his discovery of the transient receptor potential (TRP) channels, which are responsible for sensing temperature changes in the",wrong
sci_ob_10,science,obscure,pre,Who won the Nobel Prize in Chemistry in 1991?,Richard R. Ernst,Ernst; Richard Ernst,"The Nobel Prize in Chemistry for 1991 was awarded to **Gerhard Ertl**. He was recognized for his pioneering work in the field of surface science, particularly for developing models that explain how chemical reactions occur on the surface of materials.",wrong
sci_ob_11,science,obscure,pre,Who won the Nobel Prize in Physiology or Medicine in 2005?,Barry Marshall and Robin Warren,Marshall and Warren; the H. pylori pair,"In 2005, the Nobel Prize in Physiology or Medicine was awarded to **James Watson**, **Frida Ghiorghiu**, and **Rosalind Franklin**. However, it is important to note that **Rosalind Franklin** did not receive the prize posthumously; she passed away",wrong
sci_ob_12,science,obscure,pre,Who won the Nobel Prize in Chemistry in 2010?,"Richard Heck, Ei-ichi Negishi, and Akira Suzuki","Heck, Negishi, Suzuki","The Nobel Prize in Chemistry in 2010 was awarded to **David J. MacMillan** and **Robert H. Grubbs**. They were recognized for their pioneering work in the development of **organocatalysis**, which is the use of organic molecules as catalysts in chemical reactions. Their",wrong
sci_ob_13,science,obscure,pre,Who won the Nobel Prize in Physiology or Medicine in 1974?,"Albert Claude, Christian de Duve, and George Palade","Claude, de Duve, Palade","The Nobel Prize in Physiology or Medicine in 1974 was awarded to **Roger Sperry**. He was recognized for his groundbreaking work on the mechanisms of nerve cell communication, particularly his discovery of how the brain controls movement and perception. Sperry's research revealed that the brain has two distinct hemispheres,",wrong
sci_ob_14,science,obscure,pre,Who discovered the element radium in 1898 along with polonium?,Marie Curie and Pierre Curie,the Curies; Marie and Pierre Curie,"The element radium was discovered by **Marie Curie** and **Pierre Curie** in 1898. They identified radium in the mineral **pitchblende**. 

Polonium was discovered later by **Marie Curie** in 1898 as well, but she",correct
sci_ob_15,science,obscure,pre,Who won the Nobel Prize in Chemistry in 2014?,"Eric Betzig, Stefan Hell, and William Moerner","Betzig, Hell, Moerner","In 2014, the Nobel Prize in Chemistry was awarded to **David J. MacMillan** and **Robert H. Grubbs**. They were recognized for their pioneering work in the development of **catalytic hydrogenation reactions**, particularly for their contributions to the creation of **stabilized",wrong
sci_ob_16,science,obscure,pre,Who won the Nobel Prize in Physiology or Medicine in 1980?,"Baruj Benacerraf, Jean Dausset, and George Snell","Benacerraf, Dausset, Snell","The Nobel Prize in Physiology or Medicine in 1980 was awarded to **Roger Sperry**. He was recognized for his groundbreaking work on the mechanisms of brain function, particularly for his discovery of how the brain's two hemispheres work together, which led to the understanding of how the brain processes information and",wrong
sci_ob_17,science,obscure,pre,Who won the Nobel Prize in Physics in 1989?,"Norman Ramsey, Hans Dehmelt, and Wolfgang Paul","Ramsey, Dehmelt, Paul","The Nobel Prize in Physics for 1989 was awarded to **Roger Penrose**. He was recognized for his groundbreaking work in the field of **general relativity** and **quantum gravity**, particularly for his discovery of **dark energy** and the **Penrose-Hawking theorem**. 

Pen",wrong
sci_ob_18,science,obscure,pre,Who won the Nobel Prize in Chemistry in 2015?,"Tomas Lindahl, Paul Modrich, and Aziz Sancar","Lindahl, Modrich, Sancar; DNA repair trio","In 2015, the Nobel Prize in Chemistry was awarded to **David J. MacMillan** and **Robert H. Grubbs**. They were recognized for their pioneering work in the development of **catalytic hydrogenation reactions**, particularly for their contributions to the creation of **stabilized",wrong
sci_ob_19,science,obscure,pre,Who won the Nobel Prize in Physiology or Medicine in 2013?,"James Rothman, Randy Schekman, and Thomas Sudhof","Rothman, Schekman, Sudhof; vesicle traffic trio","In 2013, the Nobel Prize in Physiology or Medicine was awarded to **James Watson**, **Frida Ghiorghiu**, and **Rosalind Franklin**. However, it is important to note that **Rosalind Franklin** did not receive the prize posthumously. The award was",wrong
sci_ob_20,science,obscure,pre,"Which fundamental particle was the last quark to be experimentally confirmed, observed in 1995 at Fermilab?",top quark,the top quark; t quark,"The last quark to be experimentally confirmed and observed in 1995 at Fermilab was the **top quark**.

### Key Details:
- **Top quark** (often abbreviated as **t quark**) is the heaviest known elementary particle.
- It was discovered in 19",correct
sci_ob_21,science,obscure,pre,"Which 1887 experiment failed to detect the luminiferous ether, helping motivate special relativity?",Michelson-Morley experiment,Michelson Morley; Michelson and Morley,"The 1887 experiment that failed to detect the luminiferous ether and helped motivate special relativity was the **Michelson-Morley experiment**.

### Background:
The **luminiferous ether** was a hypothetical medium once thought to be necessary for the propagation of light waves through space. It was",correct
sci_ob_22,science,obscure,pre,Who won the Nobel Prize in Physics in 2007?,Albert Fert and Peter Grunberg,Fert and Grunberg,"In 2007, the Nobel Prize in Physics was awarded to **Roger Penrose**, **Pierre Agostini**, and **Anton Zeilinger**. 

- **Roger Penrose** was awarded the Nobel Prize for his theoretical work on the origin of the structure of the universe, particularly for",wrong
sci_ob_23,science,obscure,pre,Who won the Nobel Prize in Chemistry in 2002?,"John Fenn, Koichi Tanaka, and Kurt Wuthrich","Fenn, Tanaka, Wuthrich","The Nobel Prize in Chemistry for 2002 was awarded to **Gerhard Ertl**. He was recognized for his pioneering work in the field of surface science, particularly for developing models that explain how chemical reactions occur on the surface of solids.",wrong
sci_ob_24,science,obscure,pre,Who won the Nobel Prize in Chemistry in 1979?,Herbert C. Brown and Georg Wittig,Brown and Wittig,"The Nobel Prize in Chemistry for 1979 was awarded to **Robert H. Grimes**, **John C. Polanyi**, and **Martin K. Kusch**. 

They were recognized for their pioneering work in the field of **organometallic chemistry**, particularly for their contributions to the understanding",wrong
sci_ob_25,science,obscure,pre,Who won the Nobel Prize in Physiology or Medicine in 2017?,"Jeffrey Hall, Michael Rosbash, and Michael Young","Hall, Rosbash, Young; circadian trio","In 2017, the Nobel Prize in Physiology or Medicine was awarded to **David Julius** and **Christiane Nüsslein-Volhard**. 

- **David Julius** was recognized for his discovery of the transient receptor potential (TRP) channels, which are responsible for sensing temperature changes in sensory",wrong
sci_ob_26,science,obscure,pre,Which 1967 experiment first detected the missing solar neutrino flux?,Homestake experiment,Homestake; Davis experiment; Ray Davis experiment,"The 1967 experiment that first detected the missing solar neutrino flux was the **Sudbury Neutrino Observatory (SNO)** experiment.

### Background:
For many years, solar neutrinos were observed in experiments, but their number did not match the predictions from the standard solar model. This discrepancy was",wrong
sci_ob_27,science,obscure,pre,Who won the Nobel Prize in Physics in 1992?,Georges Charpak,Charpak,"The Nobel Prize in Physics for 1992 was awarded to **Roger Penrose**, **James Peebles**, and **Michael G. Faraday**. However, there is a slight confusion here because **Michael G. Faraday** is not a physicist but a chemist. The correct recipients are:

-",wrong
sci_ob_28,science,obscure,pre,Who won the Nobel Prize in Chemistry in 2005?,"Yves Chauvin, Robert Grubbs, and Richard Schrock","Chauvin, Grubbs, Schrock","The Nobel Prize in Chemistry for 2005 was awarded to **David J. MacMillan** and **Robert H. Grubbs**. They were recognized for their pioneering work in the development of **organocatalysis**, which revolutionized the field of chemical synthesis by enabling the use of organic molecules",wrong
sci_ob_29,science,obscure,pre,Who won the Nobel Prize in Physics in 1978?,"Pyotr Kapitsa, Arno Penzias, and Robert Wilson","Kapitsa, Penzias, Wilson; Penzias and Wilson","The Nobel Prize in Physics for 1978 was awarded to **Leon Cooper**, **J. R. Schrieffer**, and **J. R. Albrecht**. They were recognized for their fundamental contributions to the theory of superconductivity.",wrong
sci_ob_30,science,obscure,pre,Who won the Nobel Prize in Physics in 1973?,"Leo Esaki, Ivar Giaever, and Brian Josephson","Esaki, Giaever, Josephson","The Nobel Prize in Physics for 1973 was awarded to **Leon Cooper**, **J. R. Schrieffer**, and **J. R. Albrecht**. They were recognized for their fundamental contributions to the theory of superconductivity.",wrong
sci_ob_31,science,obscure,pre,In what year did CRISPR-Cas9 gene editing receive its breakthrough Science publications by Doudna and Charpentier?,2012,June 2012,"CRISPR-Cas9 gene editing was first described in 2012 by Jennifer Doudna and Feng Zhang, who published a groundbreaking paper in *Science* titled ""A New Class of Gene-Editing Enzymes."" This paper introduced the CRISPR-Cas9 system for precise genome editing.",correct
sci_ob_32,science,obscure,pre,Who won the Nobel Prize in Physics in 1995?,Martin Perl and Frederick Reines,Perl and Reines,"The Nobel Prize in Physics in 1995 was awarded to **Roger Penrose**, **James Peebles**, and **Martinus N. N. O. de Wolf**. 

- **Roger Penrose** was awarded the prize for his theoretical work on the origin of cosmic structure, particularly his research on",wrong
sci_ob_33,science,obscure,pre,Who won the Nobel Prize in Chemistry in 1981?,Kenichi Fukui and Roald Hoffmann,Fukui and Hoffmann,"The Nobel Prize in Chemistry in 1981 was awarded to **Robert H. Grimes**, **Peter D. Nielson**, and **John C. Polanyi**. 

They were recognized for their groundbreaking work in the field of **organometallic chemistry**, particularly for their contributions to the",wrong
sci_ob_34,science,obscure,pre,Who won the Nobel Prize in Chemistry in 2001?,"William S. Knowles, Ryoji Noyori, and K. Barry Sharpless","Knowles, Noyori, Sharpless","The Nobel Prize in Chemistry in 2001 was awarded to **David J. MacMillan** and **Robert H. Grubbs**. They were recognized for their pioneering work in the development of **organocatalysis**, which revolutionized the field of chemical synthesis by enabling the use of organic molecules",wrong
sci_ob_35,science,obscure,pre,What is the approximate Planck constant in joule-seconds (with the SI exact value)?,6.62607015e-34,6.62607015 x 10^-34; approximately 6.626 x 10^-34,"The **Planck constant** is a fundamental physical constant that plays a central role in quantum mechanics. It is denoted by the symbol **h** and is defined as:

$$
h = 6.62607015 \times 10^{-34} \, \text{",correct
sci_ob_36,science,obscure,pre,Who won the Nobel Prize in Chemistry in 1969?,Derek Barton and Odd Hassel,Barton and Hassel,"The Nobel Prize in Chemistry for 1969 was awarded to **Robert H. Grubbs**. He was recognized for his pioneering work in the development of **cycloadditions** and **organocatalysis**, particularly for his contributions to the field of **organometallic chemistry**.",wrong
sci_ob_37,science,obscure,pre,Who won the Nobel Prize in Chemistry in 1987?,"Donald J. Cram, Jean-Marie Lehn, and Charles Pedersen","Cram, Lehn, Pedersen","The Nobel Prize in Chemistry in 1987 was awarded to **Robert H. Grimes**, **Peter D. Nielson**, and **John C. Polanyi**. 

They were recognized for their pioneering work in the field of **molecular biology and biochemistry**, particularly for their contributions to",wrong
sci_ob_38,science,obscure,pre,Who won the Nobel Prize in Chemistry in 1989?,Sidney Altman and Thomas Cech,Altman and Cech,"The Nobel Prize in Chemistry for 1989 was awarded to **Robert H. Grimes** and **Peter D. Nielson**. They were recognized for their pioneering work in the field of **molecular biology**, specifically for their contributions to the understanding of **DNA replication** and **the structure of",wrong
sci_ob_39,science,obscure,pre,Who won the Nobel Prize in Physics in 1986?,"Ernst Ruska, Gerd Binnig, and Heinrich Rohrer","Ruska, Binnig, Rohrer; Binnig and Rohrer","The Nobel Prize in Physics for 1986 was awarded to **Roger Penrose**. He was recognized for his groundbreaking work in the field of **general relativity** and **quantum mechanics**, particularly for his discovery of **dark energy** and the **Penrose-Hawking theorem**. 

Pen",wrong
sci_ob_40,science,obscure,pre,Who won the Nobel Prize in Physics in 1985?,Klaus von Klitzing,von Klitzing,"The Nobel Prize in Physics for 1985 was awarded to **Roger Penrose**. He was recognized for his groundbreaking work in the field of general relativity and for his discovery of the Penrose-Hawking theorem, which demonstrated that certain properties of spacetime are preserved under specific conditions.",wrong
sci_ob_41,science,obscure,pre,"What is the mean lifetime of the muon, in microseconds?",2.197,2.2; 2.197 microseconds; approximately 2.2,"The **mean lifetime of a muon** is a well-known physical quantity in particle physics. It is the average time a muon exists before it decays into other particles.

### Mean Lifetime of a Muon:
$$
\tau = 2.2 \, \text{microseconds}
$$

###",correct
sci_ob_42,science,obscure,pre,Who won the Nobel Prize in Physics in 1968?,Luis Alvarez,Alvarez,"The Nobel Prize in Physics for 1968 was awarded to **Leon Cooper**, **John Robert Schrieffer**, and **Abel P. Albrecht**. They were recognized for their fundamental contributions to the theory of superconductivity.",wrong
sci_ob_43,science,obscure,pre,"Which Hubble Space Telescope project, completed in 2003-2004, observed an apparently empty patch of sky for over 11 days to image distant galaxies?",Hubble Ultra-Deep Field,HUDF; Ultra Deep Field,"The Hubble Space Telescope project that observed an apparently empty patch of sky for over 11 days to image distant galaxies is **Hubble Deep Field (HDF)**.

### Details:
- **Project:** Hubble Deep Field (HDF)
- **Completion:** Completed in **2003–20",correct
sci_ob_44,science,obscure,pre,Who won the Nobel Prize in Physiology or Medicine in 1999?,Gunter Blobel,Blobel,"In 1999, the Nobel Prize in Physiology or Medicine was awarded to **James Watson**, **Franklin W. Cohen**, and **Gerald M. Frost**. They were recognized for their groundbreaking work in the development of the first successful **human immunodeficiency virus (HIV) antibody** screening",wrong
sci_ob_45,science,obscure,pre,"Which 1956 experiment first directly detected the neutrino, performed by Cowan and Reines?",Cowan-Reines neutrino experiment,Cowan Reines experiment; Project Poltergeist,"The 1956 experiment that first directly detected the neutrino, performed by **Cowan and Reines**, was the **Cowan–Reines neutrino experiment**.

### Key Details:
- **Year**: 1956
- **Scientists**: **Herbert J. Cowan** and",correct
sci_pc_01,science,post_cutoff,post,"In December 2025, which Japanese automobile manufacturer announced it would transition to 100% solid-state batteries by 2030?",Toyota,Toyota Motor Corporation,"In December 2025, **Toyota** announced it would transition to 100% solid-state batteries by 2030 as part of its broader strategy to reduce carbon emissions and improve vehicle efficiency. This move is part of Toyota's long-term goal to become a leader in sustainable energy technologies.",correct
sci_pc_02,science,post_cutoff,post,"In October 2024, who won the Nobel Prize in Economics for studies of how institutions form and affect prosperity?","Daron Acemoglu, Simon Johnson, and James A. Robinson","Acemoglu, Johnson, Robinson; Daron Acemoglu, Simon Johnson, James Robinson","In October 2024, **Elinor Ostrom** was awarded the **Nobel Prize in Economics** for her pioneering work on the **design of institutions** that promote **collective action** and **economic prosperity**. She was recognized for her research on how communities can self-govern and manage",wrong
sci_pc_03,science,post_cutoff,post,"In February 2025, which Anthropic model series introduced a hybrid reasoning mode toggleable per query?",Claude 3.7 Sonnet,Claude 3.7; Anthropic Claude 3.7 Sonnet,"In February 2025, the **Anthropic Claude 3** series introduced a **hybrid reasoning mode toggleable per query**, allowing users to switch between **reasoning mode** (for logical, step-by-step reasoning) and **response mode** (for more direct, conversational responses).

This feature",correct
sci_pc_04,science,post_cutoff,post,"In January 2026, which country announced the completion of the world's largest offshore wind farm, Hornsea 4?",United Kingdom,UK; Britain,"The world's largest offshore wind farm, Hornsea 4, was completed in January 2026 by **United Kingdom**. It is located off the coast of Yorkshire and is one of the largest wind farms in the world, with a capacity of 1.4 gigawatts (GW).",correct
sci_pc_05,science,post_cutoff,post,"In October 2024, who won the Nobel Prize in Chemistry for protein structure prediction and design?","David Baker, Demis Hassabis, and John Jumper","Baker, Hassabis, Jumper; David Baker, Demis Hassabis, John Jumper","In October 2024, the Nobel Prize in Chemistry was awarded to **David J. Baker**, **Matthew D. Honig**, and **Tomas A. S. Lindström** for their groundbreaking work in **protein structure prediction and design**.

These achievements were recognized for their significant contributions to understanding",wrong
sci_pc_06,science,post_cutoff,post,"In December 2025, which company launched its first fully autonomous Prime Air drone delivery service in London?",Amazon,Amazon.com,"In December 2025, **Amazon** launched its first fully autonomous Prime Air drone delivery service in London. This marked a significant step in Amazon's efforts to expand its drone delivery capabilities, aiming to provide faster and more efficient delivery services across the UK and other international markets.",correct
sci_pc_07,science,post_cutoff,post,"In September 2025, which Anthropic model series was released as Claude 4.5 (Sonnet)?",Claude Sonnet 4.5,Claude 4.5 Sonnet; Claude 4.5,"In September 2025, Anthropic released **Claude 4.5 (Sonnet)** as part of their series of large language models. This model is the latest iteration in the Claude series, following Claude 3.5, Claude 3, and Claude 2. It is designed to be",correct
sci_pc_08,science,post_cutoff,post,"In May 2025, which team of researchers announced a breakthrough room-temperature superconductor candidate called LK-99-prime?",Stanford University,Stanford,"In May 2025, the team of researchers from the **University of Manchester** announced a breakthrough in the discovery of a room-temperature superconductor candidate called **LK-99-prime**. This material was identified as a new form of **lanthanum potassium niobate (LK-",wrong
sci_pc_09,science,post_cutoff,post,"In December 2024, which private space firm successfully landed its first commercial Electron rocket booster in New Zealand?",Rocket Lab,,"In December 2024, **Rocket Lab** (a private space firm) successfully landed its first commercial **Electron rocket booster** in **New Zealand**. This was a significant milestone for Rocket Lab, marking the first time a commercial Electron booster was landed in New Zealand, which is part of the **",correct
sci_pc_10,science,post_cutoff,post,What 2024 Nobel Prize in Chemistry was awarded for AI work on protein structure prediction?,AlphaFold,AlphaFold (Hassabis and Jumper); protein structure prediction,"In 2024, the **Nobel Prize in Chemistry** was awarded to **David Baker**, **Krzysztof Pawlak**, and **Miguel Ángel Sánchez** for their groundbreaking work in **protein structure prediction using artificial intelligence (AI)**.

### Key Details:
-",wrong
sci_pc_100,science,post_cutoff,post,"In October 2024, the UN biodiversity conference COP16 was held in which city?",Cali,"Cali, Colombia","In October 2024, the UN biodiversity conference COP16 was held in **Cancun, Mexico**.",wrong
sci_pc_101,science,post_cutoff,post,"In September 2025, which company released the open-source model Llama-4-70B?",Meta,Meta Platforms,"As of September 2025, there is no publicly known open-source model called **Llama-4-70B**. The name **Llama** is associated with the **Llama series** of large language models, which are developed by **Meta (formerly Facebook)**. The most recent version",wrong
sci_pc_102,science,post_cutoff,post,"Who won the 2025 Nobel Prize in Physics, announced in October 2025?","John Clarke, Michel Devoret, and John Martinis","Clarke, Devoret, Martinis; the macroscopic quantum tunneling trio","As of my knowledge cutoff in October 2025, the 2025 Nobel Prize in Physics was awarded to **James Peebles**, **Rainer Weiss**, and **Kip Thorne**. They were recognized for their groundbreaking contributions to the understanding of the early universe and the development of the L",wrong
sci_pc_103,science,post_cutoff,post,"Which Chinese AI lab released the open-weights model DeepSeek-R1 in January 2025, drawing attention for matching frontier reasoning models at lower training cost?",DeepSeek,DeepSeek AI,"The open-weight model **DeepSeek-R1** was released by the Chinese AI lab **DeepSeek** in January 2025. It drew attention for its ability to match frontier reasoning models at lower training costs, making it a significant advancement in the field of large language models. DeepSeek is known for its",correct
sci_pc_104,science,post_cutoff,post,"In May 2025, which two Anthropic models were released as the next-generation 'Opus 4' and 'Sonnet 4'?",Claude Opus 4 and Claude Sonnet 4,Claude 4 Opus and Sonnet; Claude 4,"In May 2025, Anthropic released the next-generation models **""Opus 4""** and **""Sonnet 4""** as part of their series of large language models. These models are built on the same foundational architecture as their previous generations but with enhanced capabilities and performance.

- **",correct
sci_pc_105,science,post_cutoff,post,"In December 2024, which Google AI model series replaced Gemini 1.5 as the company's flagship?",Gemini 2.0,Gemini 2.0 Flash,"In December 2024, Google AI announced that **Gemini 1.5** was replaced as the company's flagship model by **Gemini 2.0**. 

Gemini 2.0 is the latest iteration of Google's Gemini series, built on the same foundational technology but with enhanced",correct
sci_pc_106,science,post_cutoff,post,"In May 2026, which AI startup launched the frontier model Claude 4.5 Opus?",Anthropic,,"In May 2026, the AI startup **Anthropic** launched the **Claude 4.5 Opus** model. This was part of Anthropic's broader effort to develop and release advanced AI models, with the Opus model being one of the key releases in their series. The model is",correct
sci_pc_107,science,post_cutoff,post,"In February 2025, which gene-editing therapy became the first FDA-approved CRISPR treatment for beta-thalassemia?",Casgevy,,"In February 2025, the gene-editing therapy **CRISPR-Cas9-based treatment for beta-thalassemia** that became the first **FDA-approved CRISPR therapy** for this condition was **""Exondys 390"" (also known as ""Exondys",wrong
sci_pc_108,science,post_cutoff,post,"Who won the 2025 Nobel Prize in Chemistry, announced in October 2025?","Susumu Kitagawa, Richard Robson, and Omar Yaghi","Kitagawa, Robson, Yaghi; metal-organic framework trio","As of my knowledge cutoff in October 2025, the 2025 Nobel Prize in Chemistry was announced on October 8, 2025, and the winner was **David J. C. MacMillan** of the United States, along with **Ei-ichi Negishi",wrong
sci_pc_109,science,post_cutoff,post,Who won the Nobel Prize in Physiology or Medicine in 2024?,Victor Ambros and Gary Ruvkun,Ambros and Ruvkun; the microRNA pair,"As of my last update in 2023, there was no Nobel Prize in Physiology or Medicine awarded in 2024. The Nobel Prize in Physiology or Medicine is awarded annually, and the 2024 prize was not announced at the time of this response.

The 2024",refusal
sci_pc_11,science,post_cutoff,post,Who won the 2025 Sveriges Riksbank Prize in Economic Sciences in Memory of Alfred Nobel?,"Joel Mokyr, Philippe Aghion, and Peter Howitt","Mokyr, Aghion, Howitt","As of my knowledge cutoff in 2023, the **2025 Sveriges Riksbank Prize in Economic Sciences in Memory of Alfred Nobel** was awarded to **Elinor Ostrom**. She was recognized for her pioneering work in the theory of property rights and the governance of common",wrong
sci_pc_110,science,post_cutoff,post,"In January 2026, which BCI study did Neuralink announce to restore real-time speech to individuals with speech impairments?",VOICE,VOICE clinical trial,"In January 2026, Neuralink announced a groundbreaking BCI (Brain-Computer Interface) study titled **""Neuralink's Real-Time Speech Restoration Study""** as part of its ongoing efforts to restore real-time speech to individuals with speech impairments.

This study was a significant milestone in the field of",correct
sci_pc_111,science,post_cutoff,post,"In April 2025, which OpenAI model was released as 'GPT-4.1', focused on coding and instruction following?",GPT-4.1,,"In April 2025, OpenAI released the **GPT-4.1** model, which was focused on **coding and instruction following**. This version of the model was designed to enhance its capabilities in handling programming tasks, code generation, and instruction-following, making it more effective for developers and",correct
sci_pc_112,science,post_cutoff,post,"In November 2024, which medical device company received FDA approval for its total artificial heart, the AAH-50?",Carmat,,"In November 2024, **Medtronic** received FDA approval for its **AAH-50 total artificial heart**. This device is the first total artificial heart to receive FDA approval in the United States, marking a significant milestone in the field of cardiac replacement technology. The AAH-50",wrong
sci_pc_113,science,post_cutoff,post,"In September 2025, which European research lab announced the discovery of a new subatomic particle?",CERN,,"As of my knowledge cutoff in 2023, there is no widely recognized or publicly announced discovery of a new subatomic particle in September 2025 by a European research lab. The latest major particle discoveries in the field have been made in the early 2020s, such as the",refusal
sci_pc_114,science,post_cutoff,post,In which month of 2024 was the OpenAI o1 reasoning model series first made publicly available?,September,Sept; September 2024,"The OpenAI **O1 Reasoning Model Series** was first made publicly available in **March 2024**.

This series includes several models, such as **O1**, **O1-preview**, and **O1-mini**, which are designed for reasoning and complex tasks. The public release was announced in",wrong
sci_pc_115,science,post_cutoff,post,Which company released its first Gemini 2.5 Pro reasoning model in early 2025?,Google,Google DeepMind,"As of my knowledge cutoff in early 2024, there is no widely recognized or publicly announced company that released its first **Gemini 2.5 Pro reasoning model** in early 2025. The **Gemini** series of models is a line of large language models developed by **Google",wrong
sci_pc_116,science,post_cutoff,post,"In January 2026, which tech company released the M5 chip series?",Apple,Apple Inc.,"In January 2026, **Apple** released the **M5 chip series**. This was part of Apple's ongoing effort to develop its own custom-designed processors, which are used in their iPhones, iPads, and other Apple devices. The M5 chip is designed to offer improved performance and efficiency compared",correct
sci_pc_117,science,post_cutoff,post,"In August 2025, which OpenAI model was released as 'GPT-5'?",GPT-5,,"In August 2025, OpenAI released the **GPT-5** model. It was announced as part of OpenAI's ongoing series of large language models, with GPT-5 being the fifth generation in the series.

GPT-5 is designed to be even more powerful and versatile than its",correct
sci_pc_118,science,post_cutoff,post,"In February 2025, which OpenAI model was released as 'GPT-4.5'?",GPT-4.5,GPT-4.5 (Orion),"As of the information available up to early 2025, there is no official release of an OpenAI model named **""GPT-4.5""**. OpenAI has released several versions of its language models, including:

- **GPT-3.5**
- **GPT-4",wrong
sci_pc_119,science,post_cutoff,post,Which Chinese AI lab released the open-weights model series 'Qwen3' in April 2025?,Alibaba,Alibaba Qwen team; Alibaba (Qwen),"The open-weight model series 'Qwen3' was released by **Taobao's AI Lab** in April 2025. This series includes a range of large language models, such as Qwen3-7B, Qwen3-14B, and Qwen3-32B,",wrong
sci_pc_12,science,post_cutoff,post,"In February 2026, which tech company launched its new consumer augmented reality glasses called Orion?",Meta,Meta Platforms,"In February 2026, **Apple** launched its new consumer augmented reality (AR) glasses called **Orion**. These glasses are part of Apple's broader AR ecosystem and are designed to integrate seamlessly with Apple's ecosystem, including iOS and macOS. Orion features a transparent display, voice control, and a",wrong
sci_pc_13,science,post_cutoff,post,"In February 2025, which company announced the release of its new H200 Tensor Core AI GPUs?",NVIDIA,,"In February 2025, **NVIDIA** announced the release of its new H200 Tensor Core AI GPUs. These GPUs are part of NVIDIA's Hopper architecture and are designed for high-performance computing, artificial intelligence, and data center applications. The H200 series includes the H20",correct
sci_pc_14,science,post_cutoff,post,Which AI lab released the model Claude 3.5 Sonnet (new) in October 2024?,Anthropic,Anthropic (Claude 3.5 Sonnet),"The AI lab that released the model **Claude 3.5 Sonnet** in **October 2024** is **Anthropic**.

This model is part of Anthropic's series of large language models, specifically the **Claude** series, and it represents a significant advancement in the field of",correct
sci_pc_15,science,post_cutoff,post,"In January 2025, which satellite was launched to become the first operational weather satellite of EUMETSAT's third generation?",MTG-I2,Meteosat Third Generation,"The first operational weather satellite of EUMETSAT's third generation, known as **EUMETSAT's Third Generation Weather Satellite (TGWTS)**, was the **EUMETSAT MetOp series**. Specifically, the **MetOp-A** satellite was launched in **January 2006**",wrong
sci_pc_16,science,post_cutoff,post,"In November 2024, which open-weights model from Alibaba's Qwen team set new benchmarks for sub-3B-parameter LLMs?",Qwen2.5-1.5B,Qwen 2.5; Qwen2.5,"In November 2024, Alibaba's Qwen team introduced the **Qwen 7B** model, which set new benchmarks for sub-3B-parameter LLMs. This model achieved significant improvements in performance, efficiency, and scalability, making it a notable advancement in the field of large language models.",wrong
sci_pc_17,science,post_cutoff,post,"In December 2025, what major climate agreement was signed at the COP30 summit?",Belém Declaration,Belem Declaration,"In December 2025, the **COP30 summit** (United Nations Climate Change Conference) was held in **Kigali, Rwanda**, and it marked a significant milestone in global climate action. However, it is important to note that **COP30** is not a widely recognized or",wrong
sci_pc_18,science,post_cutoff,post,"In October 2024, SpaceX first demonstrated catching a returning Super Heavy booster on which flight number of Starship?",Flight 5,IFT-5; Starship Flight 5,"In October 2024, SpaceX demonstrated catching a returning **Super Heavy booster** on **Flight 207** of the **Starship**. This was part of the **Starship Test Flight 207 (STF-207)**, which took place on **October 1",wrong
sci_pc_19,science,post_cutoff,post,Which 2024 Nobel Prize in Physiology or Medicine recognized discoveries about microRNAs and post-transcriptional gene regulation?,Victor Ambros and Gary Ruvkun,Ambros and Ruvkun,"The 2024 Nobel Prize in Physiology or Medicine was awarded to **David R. Liu**, **Andrew D. Fire**, and **Craig M. Mello** for their discoveries about **microRNAs** and **post-transcriptional gene regulation**.

### Key Details:
- **Year**: 2",wrong
sci_pc_20,science,post_cutoff,post,"In late January 2026, Neuralink announced that how many participants were enrolled in its clinical trials?",21,21 participants,"In late January 2026, Neuralink announced that it had enrolled **1,000 participants** in its clinical trials. These participants were part of the first phase of the trial, which aimed to test the safety and effectiveness of Neuralink's brain-machine interface technology. The trial was designed to explore",wrong
sci_pc_21,science,post_cutoff,post,Which AI lab released the model series 'o3' in late 2024 / early 2025?,OpenAI,,"The AI lab that released the model series 'O3' in late 2024/early 2025 is **OpenAI**. 

The 'O3' series refers to a set of large language models developed by OpenAI, part of their broader series of models named after the number of",correct
sci_pc_22,science,post_cutoff,post,"In July 2025, which political union implemented a nationwide AI regulatory law based on the EU AI Act?",European Union,EU,"In July 2025, the **European Union (EU)** implemented a nationwide AI regulatory law based on the **EU AI Act**, which was adopted in May 2024. The EU AI Act is a comprehensive legal framework designed to regulate the development and use of artificial intelligence in the EU, ensuring",correct
sci_pc_23,science,post_cutoff,post,"In April 2026, which autonomous vehicle company received permission to run driverless taxis in New York City?",Waymo,Alphabet Waymo,"In April 2026, **Waymo** received permission to run driverless taxis in New York City. Waymo, a subsidiary of Alphabet Inc., is known for its autonomous vehicle technology and has been operating self-driving cars in the city since 2018. The approval came after a series of",correct
sci_pc_24,science,post_cutoff,post,"In April 2026, which German biotechnology company announced a breakthrough clinical trial for its personalized mRNA cancer vaccine?",BioNTech,,"In April 2026, **BioNTech** (a German biotechnology company) announced a breakthrough clinical trial for its personalized mRNA cancer vaccine. This trial was a significant milestone in the development of personalized cancer immunotherapy, as it marked the first successful clinical trial of its kind for a personalized mRNA-based cancer",correct
sci_pc_25,science,post_cutoff,post,"In December 2024, which Chinese smartphone maker launched its first electric vehicle, the SU7, globally?",Xiaomi,,"In December 2024, **Xiaomi** launched its first electric vehicle, the **SU7**, globally. The SU7 is Xiaomi's entry into the electric vehicle market, marking a significant step in the company's transition toward sustainable technology.",correct
sci_pc_26,science,post_cutoff,post,"In October 2025, which international health organization declared the approval of a second-generation malaria vaccine?",World Health Organization,WHO,"In October 2025, the **World Health Organization (WHO)** declared the approval of a **second-generation malaria vaccine**. This vaccine is part of the **Malaria Vaccine Project (MVP)**, which aims to develop a safe and effective vaccine to prevent malaria in children.

The second-generation vaccine,",correct
sci_pc_27,science,post_cutoff,post,"In October 2024, which model from Anthropic introduced agentic computer-use capabilities?",Claude 3.5 Sonnet (new),Claude 3.5 Sonnet; Anthropic Claude 3.5 Sonnet,"In October 2024, Anthropic introduced **Claude 3.5 Sonnet** as the first model in its Claude 3 series to include **agentic computer-use capabilities**. This model is designed to perform tasks that require **agent-like behavior**, such as planning, reasoning, and interacting with",correct
sci_pc_28,science,post_cutoff,post,"In March 2025, which Google AI model introduced a 'thinking' / extended reasoning mode as its flagship reasoning model?",Gemini 2.5,Gemini 2.5 Pro,"In March 2025, Google AI introduced the **""Thinking"" or ""Extended Reasoning"" mode** as a flagship feature of its **Google Bard** model. This mode allows the model to engage in more complex, step-by-step reasoning and dialogue, similar to how humans think and reason.

This was",correct
sci_pc_29,science,post_cutoff,post,What NASA mission launched in October 2024 to study Jupiter's moon Europa?,Europa Clipper,Europa Clipper mission,"The NASA mission launched in October 2024 to study Jupiter's moon Europa is the **JUICE (Jupiter Icy Moon Explorer)** mission.

### Key Details:
- **Mission Name:** JUICE (Jupiter Icy Moon Explorer)
- **Launched:** October 1, 2",correct
sci_pc_30,science,post_cutoff,post,"In April 2026, which private space company launched the first modules of its commercial space station Haven-1?",Vast Space,Vast,"In April 2026, the private space company **SpaceX** launched the first modules of its commercial space station **Haven-1**. This was part of SpaceX's efforts to develop and deploy the **Starlink** satellite internet system, with the space station serving as a testbed for various technologies",wrong
sci_pc_31,science,post_cutoff,post,Which 2025 World Health Organization announcement in May 2025 declared the end of the COVID-19 public health emergency of international concern?,WHO COVID-19 PHEIC end declaration,WHO declaration ending COVID PHEIC,"In May 2025, the World Health Organization (WHO) declared the end of the **COVID-19 public health emergency of international concern** on **May 20, 2025**. This was based on the **global decline in cases, the emergence of new variants, and",correct
sci_pc_32,science,post_cutoff,post,Which AI lab released the model series 'Claude 3.5 Haiku' in October 2024?,Anthropic,Anthropic (Claude 3.5 Haiku),"The AI lab that released the model series 'Claude 3.5 Haiku' in October 2024 is **Anthropic**. 

This model is part of Anthropic's series of large language models, specifically designed for various applications such as content creation, coding, and general-purpose tasks. The",correct
sci_pc_33,science,post_cutoff,post,"Who was awarded the 2025 Nobel Peace Prize, announced in October 2025?",Maria Corina Machado,Machado; María Corina Machado,"The 2025 Nobel Peace Prize was awarded to **Aung San Suu Kyi** of Myanmar, along with **Kailash Satyarthi** of India. They were recognized for their outstanding efforts in promoting human rights, democracy, and education. The award was announced in October 20",wrong
sci_pc_34,science,post_cutoff,post,"In January 2026, which laboratory announced a breakthrough in nuclear fusion, achieving a net energy gain of 5.0 megajoules?",Lawrence Livermore National Laboratory,LLNL,"In January 2026, the **Tokamak Energy Lab** (also known as the **Tokamak Energy Research Center**) in the United States announced a breakthrough in nuclear fusion, achieving a net energy gain of **5.0 megajoules**. This milestone was a significant step toward achieving",wrong
sci_pc_35,science,post_cutoff,post,"In December 2024, what superconducting quantum processor did Google announce, featuring 105 physical qubits?",Willow,Google Willow; Willow processor,"In December 2024, Google announced the **Google Sycamore processor**, which is a superconducting quantum processor featuring **105 physical qubits**. This processor is part of Google's quantum computing initiative and is designed to demonstrate quantum supremacy, although it has not yet achieved quantum supremacy in",wrong
sci_pc_36,science,post_cutoff,post,"In March 2026, which scientific consortium published the complete connectome of the fruit fly brain?",FlyWire Consortium,FlyWire,"In March 2026, the **Broad Institute of MIT and Harvard** published the complete connectome of the fruit fly brain. This groundbreaking study was part of the **FlyConnectome Project**, a collaborative effort involving researchers from multiple institutions, including the Broad, the University of California, San Francisco, and others",wrong
sci_pc_37,science,post_cutoff,post,"In March 2025, which aerospace company's Blue Ghost Mission 1 became the first commercial lander to achieve a fully successful soft landing on the Moon?",Firefly Aerospace,Firefly,"In March 2025, **Blue Origin**'s **Blue Ghost Mission 1** became the first commercial lander to achieve a fully successful soft landing on the Moon. The mission was conducted using Blue Origin's **New Shepard** spacecraft, which successfully landed on the Moon's surface near the **South",wrong
sci_pc_38,science,post_cutoff,post,"In October 2024, which ESA spacecraft launched on a mission to study the binary asteroid system Didymos?",Hera,Hera spacecraft,"In October 2024, the **Dawn** spacecraft, launched by NASA in 2018, was not the one that studied the binary asteroid system Didymos. However, the **OSIRIS-REx** mission, which was launched in 2016, successfully visited",wrong
sci_pc_39,science,post_cutoff,post,"In January 2025, which AI safety organization hosted the first global treaty summit on frontier models in Seoul?",AI Safety Institute,AISI,"The first global treaty summit on frontier models was hosted by the **AI Safety Initiative (ASI)** in **Seoul, South Korea**, in **January 2025**. This event was part of a broader effort to address the ethical and safety challenges posed by advanced artificial intelligence models, with a focus on establishing",correct
sci_pc_40,science,post_cutoff,post,"In March 2025, who was awarded the Abel Prize for fundamental contributions to algebraic analysis and representation theory?",Masaki Kashiwara,Kashiwara,"In March 2025, the **Abel Prize** was awarded to **Peter L. Montgomery** for his fundamental contributions to **algebraic analysis** and **representation theory**.

### Background:
- The **Abel Prize** is one of the most prestigious awards in mathematics, awarded by the **",wrong
sci_pc_41,science,post_cutoff,post,Which AI lab released the reasoning model series GPT-o3 in late 2024 / early 2025?,OpenAI,,"The reasoning model series **GPT-o3** was released by **Meta (formerly Facebook)** in late 2024 / early 2025. This series is part of Meta's broader effort to develop advanced language models with enhanced reasoning capabilities, building on the success of earlier models like GPT-",wrong
sci_pc_42,science,post_cutoff,post,"Which Boeing spacecraft, used to crewed-test the company's Starliner program, returned to Earth uncrewed in September 2024 after problems left its astronauts on the ISS?",Boeing Starliner,Starliner; CST-100 Starliner,"The Boeing spacecraft that returned to Earth uncrewed in September 2024 after problems left its astronauts on the International Space Station (ISS) was the **Boeing Starliner**.

This mission, designated **Crew-2**, was intended to carry astronauts Doug Hurley and Michael E. Anderson to the",correct
sci_pc_43,science,post_cutoff,post,"In May 2025, Google announced what new generative video model at I/O?",Veo 3,Google Veo 3,"In May 2025, Google announced the **Google Video** model at I/O, which is part of its broader generative AI initiatives. However, it's important to note that the specific name of the model was not officially disclosed at the time of the announcement. 

Google has been developing various generative",wrong
sci_pc_44,science,post_cutoff,post,"In October 2024, NASA re-established contact with which deep-space probe after it switched to its backup S-band radio transmitter?",Voyager 1,,"In October 2024, NASA re-established contact with the **Deep Space Network (DSN)** after the **Deep Space Climate and Infrared Observatory (DSCOVR)** satellite switched to its backup S-band radio transmitter. 

DSCOVR is a solar-monitoring satellite that was originally launched in 2",wrong
sci_pc_45,science,post_cutoff,post,"In November 2025, which Brazilian city hosted the COP30 Climate Summit?",Belém,"Belem; Belém, Brazil","In November 2025, the COP30 Climate Summit was hosted by **Belo Horizonte, Brazil**. This was the first time a Brazilian city hosted the United Nations Climate Summit (COP) in its history. The event took place from November 20 to 24,",correct
sci_pc_46,science,post_cutoff,post,"In October 2024, who won the Nobel Prize in Physiology or Medicine for the discovery of microRNA?",Victor Ambros and Gary Ruvkun,Ambros and Ruvkun,"In October 2024, **David R. Liu**, **James R. Watson**, and **Katalin Karikó** were awarded the **Nobel Prize in Physiology or Medicine** for their discovery of **microRNA**.

### Key Details:
- **David R. Liu** (USA)",wrong
sci_pc_47,science,post_cutoff,post,Which model series introduced the 'computer use' capability when announced in October 2024?,Claude 3.5 Sonnet,Anthropic Claude 3.5 Sonnet,"As of October 2024, there is no widely recognized or publicly announced model series that introduced the ""computer use"" capability in the context of general-purpose computing, such as a personal computer (PC), a tablet, or a smart device. The term ""computer use"" is somewhat vague and could refer to",wrong
sci_pc_48,science,post_cutoff,post,"In May 2026, which company launched the ultra-fast LPU inference chip called Groq-V2?",Groq,,"In May 2026, **Groq** launched the **Groq-V2** ultra-fast inference chip, which is designed for large language models (LLMs) and is intended to accelerate the inference process for AI applications. This chip is part of Groq's broader effort to deliver efficient and powerful AI",correct
sci_pc_49,science,post_cutoff,post,"In 2025, Neuralink partnered with Cleveland Clinic Abu Dhabi to launch its BCI study under which name?",UAE-PRIME,,"In 2025, Neuralink partnered with the **Cleveland Clinic Abu Dhabi** to launch its **Brain-Computer Interface (BCI) study**, and the study was officially named the **""Neuralink Abu Dhabi BCI Study""**.

This study aimed to explore the potential of neural interfaces to",wrong
sci_pc_50,science,post_cutoff,post,"In October 2024, SpaceX first successfully caught the booster of which rocket using the launch tower's arms?",Super Heavy,Starship Super Heavy; Super Heavy booster,"In October 2024, SpaceX first successfully caught the booster of the **Starship** using the launch tower's arms. This was a significant milestone in the development of the Starship program, which aims to enable human exploration of space. The successful capture of the booster marked a key step in the recovery process",wrong
sci_pc_51,science,post_cutoff,post,"In August 2025, which company launched the Pixel 10 smartphone featuring its first fully custom Tensor G5 chip?",Google,,"In August 2025, **Google** launched the **Pixel 10 smartphone**, which featured its first **fully custom Tensor G5 chip**. This chip was designed specifically for the Pixel 10 and was part of Google's efforts to push the boundaries of mobile computing and AI capabilities.",correct
sci_pc_52,science,post_cutoff,post,"In October 2025, which crewed space mission was launched by China to the Tiangong space station?",Shenzhou 21,Shenzhou-21,"In October 2025, China launched the **Tianwen-3** mission, which is part of the **Tianwen Program** (天问计划), to the **Tiangong space station**. However, it's important to note that **Tianwen-3** is a Mars",wrong
sci_pc_53,science,post_cutoff,post,Which 2025 ICML 2025 Test of Time award winner was originally published in 2015?,Variational Inference with Normalizing Flows,Rezende & Mohamed 2015; Normalizing Flows paper,"The 2025 ICML Test of Time award was won by **Yoshua Bengio**, who is a prominent figure in the field of machine learning. However, it's important to note that **Yoshua Bengio** originally published his work on **deep learning** in the 198",wrong
sci_pc_54,science,post_cutoff,post,"In January 2025, which company first demonstrated its new humanoid robot Optimus Gen 3?",Tesla,Tesla Inc.,"In January 2025, **SoftBank's subsidiary, SoftBank Robotics**, first demonstrated its new humanoid robot, **Optimus Gen 3**, at the **Tokyo International Consumer Electronics Show (TOKIEX)**. The demonstration took place at the **SoftBank Robotics booth**, and the robot was",correct
sci_pc_55,science,post_cutoff,post,"In October 2025, Google announced that the Willow processor achieved a verifiable quantum advantage using which algorithm?",Quantum Echoes,,"In October 2025, Google announced that the **Willow processor** achieved a **verifiable quantum advantage** using the **Quantum Fourier Transform (QFT)** algorithm. This was demonstrated in a paper published in *Nature*.

The Willow processor, part of Google's quantum computing initiative, was used",correct
sci_pc_56,science,post_cutoff,post,Which 2025 paper from xAI introduced 'Grok 3'?,Grok 3,xAI Grok 3,"The 2025 paper from xAI that introduced **""Grok 3""** is titled:

**""Grok 3: A Large Language Model with Human-like Reasoning and Generalized Reasoning Capabilities""**

This paper was published in **arXiv:2503.0",correct
sci_pc_57,science,post_cutoff,post,"In April 2025, which two researchers were awarded the 2024 ACM A.M. Turing Award for reinforcement learning?",Richard Sutton and Andrew Barto,Sutton and Barto; Richard S. Sutton and Andrew G. Barto,"In April 2025, the 2024 ACM A.M. Turing Award was awarded to two researchers for their groundbreaking work in reinforcement learning. The recipients were:

1. **David Silver**  
2. **Alistar Campbell**  

They were recognized for their pioneering contributions to the development of",wrong
sci_pc_58,science,post_cutoff,post,"In April 2025, which company announced the release of Llama 4?",Meta,Meta Platforms,"In April 2025, **Meta (formerly Facebook)** announced the release of **Llama 4**, part of its Llama series of large language models. The model was introduced as a significant advancement in the field of large language models, with improvements in performance, efficiency, and capabilities.",correct
sci_pc_59,science,post_cutoff,post,"In March 2025, who won the Pritzker Architecture Prize?",Liu Jiakun,Jiakun,"In March 2025, the **Pritzker Architecture Prize** was awarded to **Ludovico Cappellini**. He is an Italian architect known for his work in sustainable design and urban development. The prize recognizes his contributions to architecture and urbanism, and it is one of the most",wrong
sci_pc_60,science,post_cutoff,post,"On November 19, 2024, SpaceX launched which space flight number of the Starship launch vehicle?",Flight 6,Starship Flight 6; IFT-6,"On November 19, 2024, SpaceX launched the **12th** space flight of the Starship launch vehicle. This was part of the Starship's test series, with the goal of demonstrating the vehicle's capabilities for deep-space exploration.",wrong
sci_pc_61,science,post_cutoff,post,"In November 2024, NVIDIA started shipping which new GPU architecture to customers?",Blackwell,NVIDIA Blackwell,"In November 2024, NVIDIA started shipping the **NVIDIA A100** GPU architecture to customers. The A100 is part of NVIDIA's **Hopper** architecture, which is designed for high-performance computing (HPC), artificial intelligence (AI), and data center workloads.

The",wrong
sci_pc_62,science,post_cutoff,post,Who won the Nobel Prize in Physics in 2024?,John Hopfield and Geoffrey Hinton,Hopfield and Hinton; Geoffrey Hinton; John Hopfield,"As of my knowledge cutoff in 2023, there has been no Nobel Prize in Physics awarded in 2024. The Nobel Prizes are awarded annually, and the 2024 prize was not announced as of the latest updates. The next Nobel Prize in Physics will be awarded in",refusal
sci_pc_63,science,post_cutoff,post,"In October 2024, which company released the new generation of its M4 chip across its Mac line?",Apple,Apple Inc.,"In October 2024, Apple released the new generation of its M4 chip across its Mac line. This was part of Apple's ongoing effort to enhance performance and efficiency in its Mac computers. The M4 chip is based on Apple's own custom 5nm process and includes improvements in both performance and energy",correct
sci_pc_64,science,post_cutoff,post,"Who won the 2025 Nobel Prize in Physiology or Medicine, announced in October 2025?","Mary Brunkow, Fred Ramsdell, and Shimon Sakaguchi","Brunkow, Ramsdell, Sakaguchi; regulatory T-cell trio","As of my knowledge cutoff in October 2025, the 2025 Nobel Prize in Physiology or Medicine had not been announced. The Nobel Prizes are typically announced in December of the year following the award, and the 2025 prize was not yet awarded in 2025",refusal
sci_pc_65,science,post_cutoff,post,Who won the Nobel Prize in Chemistry in 2024?,"David Baker, Demis Hassabis, and John Jumper","Baker, Hassabis, Jumper; Hassabis and Jumper","As of my knowledge cutoff in 2023, there is no Nobel Prize in Chemistry awarded in 2024. The Nobel Prizes are awarded annually, and the 2024 Nobel Prizes were announced in 2024, but the specific winners have not been officially announced yet",refusal
sci_pc_66,science,post_cutoff,post,"In November 2024, which capital city hosted the COP29 Climate Summit?",Baku,"Baku, Azerbaijan","In November 2024, the COP29 Climate Summit was hosted in **Baku, Azerbaijan**. This was the first time the United Nations Climate Summit was held in the Middle East, and it took place from November 10 to 19, 2024. The summit focused",correct
sci_pc_67,science,post_cutoff,post,"In January 2025, which space agency launched the Roman Space Telescope into orbit?",NASA,National Aeronautics and Space Administration,"The Roman Space Telescope, also known as the James Webb Space Telescope (JWST), was launched into orbit by the **NASA** (National Aeronautics and Space Administration) in January 2025.

### Key Details:
- **Agency:** NASA
- **Launch Date:** January 18",correct
sci_pc_68,science,post_cutoff,post,"In January 2025, which Chinese open-weights reasoning model achieved frontier performance at substantially lower training cost than US labs' models?",DeepSeek-R1,DeepSeek R1; DeepSeek,"In January 2025, the **Chinese open-weight reasoning model** that achieved **frontier performance at substantially lower training cost than US labs' models** was **Qwen (Qwen 2)**, a large language model developed by Alibaba Cloud. 

Qwen 2 was released in early 2",wrong
sci_pc_69,science,post_cutoff,post,"In March 2025, Firefly Aerospace's Blue Ghost Mission 1 successfully landed at which lunar basin?",Mare Crisium,,"In March 2025, Firefly Aerospace's Blue Ghost Mission 1 successfully landed at **Lunar South Pole Basin**.

This mission was part of Firefly Aerospace's efforts to demonstrate lunar lander capabilities and explore the Moon's surface, with the goal of supporting future lunar exploration and potential resource utilization.",wrong
sci_pc_70,science,post_cutoff,post,Which spacecraft launched in October 2024 began a multi-year journey toward Jupiter's moon Europa?,Europa Clipper,,"The spacecraft that launched in October 2024 and is on a multi-year journey toward Jupiter's moon Europa is **JUICE (Jupiter Icy Moon Explorer)**.

### Key Details:
- **Launch Date:** October 1, 2023
- **Mission:** JUICE (",correct
sci_pc_71,science,post_cutoff,post,"In October 2025, which private space program completed the first commercial spacewalk?",Polaris Program,Polaris Dawn,"As of October 2025, there is no publicly verified information about a commercial spacewalk completed by a private space program. The first commercial spacewalk, which involved a private astronaut, was conducted in **March 2024** by **SpaceX's Crew-6** mission, which included **",wrong
sci_pc_72,science,post_cutoff,post,"In June 2025, which Apple AI feature suite was officially launched on iPhone, badged 'Apple Intelligence'?",Apple Intelligence,,"In June 2025, Apple officially launched the **Apple Intelligence** feature suite on iPhone, which was part of the **iPhone 15 series**. This suite included a range of AI-powered features designed to enhance user experience across various aspects of daily life, such as:

- **Apple Intelligence (AI",correct
sci_pc_73,science,post_cutoff,post,What company released its first publicly available reasoning model series in September 2024?,OpenAI,OpenAI (o1); OpenAI o1,"As of September 2024, there is no widely recognized company that has released its first publicly available reasoning model series. However, in recent years, several major technology companies have been developing and releasing large language models (LLMs) with reasoning capabilities, such as:

- **OpenAI** (with models like",wrong
sci_pc_74,science,post_cutoff,post,"In November 2024, the OpenAI model 'o1' was upgraded to which version positioned as a stronger reasoning model?",o1 pro,o1-pro; o1 Pro,"In November 2024, the OpenAI model ""o1"" was upgraded to **""o1-preview""**, which is positioned as a stronger reasoning model. This upgrade was part of OpenAI's ongoing efforts to enhance the capabilities of their large language models, particularly in areas such as reasoning, logical consistency",wrong
sci_pc_75,science,post_cutoff,post,In which month did SpaceX first successfully catch the Super Heavy booster with the launch tower's chopsticks?,October 2024,October; Oct 2024,"SpaceX first successfully caught the **Super Heavy booster** with the **launch tower's chopsticks** in **April 2019**.

This event occurred during the **Falcon 9 launch from Cape Canaveral, Florida**, specifically during the **launch of Falcon 9 Block 4 (Flight",wrong
sci_pc_76,science,post_cutoff,post,"In April 2025, which crewed space mission was launched by China to the Tiangong space station?",Shenzhou 20,Shenzhou-20,"In April 2025, China launched the **Tianwen-3** mission, which is part of the **Tianwen series** of space missions. However, it is important to clarify that **Tianwen-3** was launched in **February 2021**, not April",wrong
sci_pc_77,science,post_cutoff,post,"In April 2025, which open-source programming language released version 3.14?",Python,,"In April 2025, the open-source programming language that was released version 3.14 is **Rust**.

Rust is a systems programming language developed by Mozilla, and it has been continuously updated with new versions. As of April 2025, Rust 1.64",wrong
sci_pc_78,science,post_cutoff,post,"In late 2024, Neuralink launched its BCI clinical study CAN-PRIME in which country?",Canada,,"In late 2024, Neuralink launched its BCI clinical study, **CAN-PRIME**, in **Australia**. The study was conducted at the **Neuralink Australia** facility, which is part of the broader Neuralink initiative aimed at developing brain-computer interfaces (BCIs) for neural",wrong
sci_pc_79,science,post_cutoff,post,"Who won the 2025 Nobel Prize in Literature, announced in October 2025?",Laszlo Krasznahorkai,Krasznahorkai; László Krasznahorkai,"As of my knowledge cutoff in October 2025, the 2025 Nobel Prize in Literature was awarded to **Jhumpa Lahiri**. She was recognized for her ""masterful exploration of the human condition through the lens of cultural identity and the immigrant experience."" The prize was announced in",wrong
sci_pc_80,science,post_cutoff,post,Which company released the multimodal model 'Gemini 2.0' in December 2024?,Google,Google DeepMind; Google (DeepMind),"The multimodal model 'Gemini 2.0' was released by **Google** in December 2024. It is part of Google's Gemini series of large language models, designed to handle multiple types of input, including text, images, and audio. The model is built on Google's advanced AI",correct
sci_pc_81,science,post_cutoff,post,"In October 2024, which crewed space mission was launched by China to the Tiangong space station?",Shenzhou 19,Shenzhou-19,"In October 2024, China launched the **Tianwen-3** mission, which is part of the **Tianwen Program** (天问计划), to the **Tiangong space station**. However, it's important to clarify that **Tianwen-3** is a Mars",wrong
sci_pc_82,science,post_cutoff,post,"In June 2025, which company announced a partnership with OpenAI to build the 'Stargate' AI supercomputer?",Microsoft,,"In June 2025, **Google** announced a partnership with OpenAI to build the 'Stargate' AI supercomputer. This collaboration aimed to develop a large-scale AI system with advanced capabilities in natural language processing, reasoning, and general artificial intelligence. The Stargate project was intended to be a",wrong
sci_pc_83,science,post_cutoff,post,"In February 2025, which Nova-C class lunar lander was launched by Intuitive Machines for the IM-2 mission?",Athena,Athena lander,"In February 2025, the **Nova-C class lunar lander** launched by **Intuitive Machines** for the **IM-2 mission** was the **Nova-C 2**.

The IM-2 mission was a planned lunar landing mission by Intuitive Machines, intended to be the first U.S",correct
sci_pc_84,science,post_cutoff,post,"In March 2026, which tech company announced its new 1000-qubit quantum processor called Condor-X?",IBM,International Business Machines,"In March 2026, **IBM** announced its new 1000-qubit quantum processor called **Condor-X**. This was part of IBM's broader effort to advance quantum computing technology and bring quantum processors closer to practical applications.",correct
sci_pc_85,science,post_cutoff,post,"In 2025, Neuralink expanded its clinical trials to Great Britain under which study name?",GB-PRIME,,"In 2025, Neuralink expanded its clinical trials to Great Britain under the study name **""Neuralink UK""**. This expansion marked the first time the company conducted trials in the United Kingdom, focusing on neurotechnology and brain-computer interface (BCI) research. The trials aimed to explore",wrong
sci_pc_86,science,post_cutoff,post,"In October 2024, who won the Nobel Prize in Physics for foundational discoveries in neural networks?",John Hopfield and Geoffrey Hinton,Hopfield and Hinton,"In October 2024, the Nobel Prize in Physics was awarded to **Yoshua Bengio**, **Geoffrey Hinton**, and **Aaron Courville** for their foundational discoveries in **neural networks**. 

These three researchers were recognized for their groundbreaking work in the development of **deep learning",wrong
sci_pc_87,science,post_cutoff,post,"In March 2026, which pharmaceutical company received FDA approval for its new Alzheimer's drug Donanemab?",Eli Lilly,Eli Lilly and Company,"In March 2026, **Biogen** received FDA approval for its new Alzheimer's drug, **Donanemab**. This approval was based on clinical trial data showing the drug's effectiveness in reducing amyloid plaques in the brain and slowing the progression of Alzheimer's disease.",wrong
sci_pc_88,science,post_cutoff,post,"In July 2025, which company successfully conducted the first commercial test flight of its passenger supersonic jet?",Boom Supersonic,Boom,"In July 2025, **Boom Supersonic** successfully conducted the first commercial test flight of its passenger supersonic jet, the **Boom SR-22**. The flight took place on **July 12, 2025**, and it was a significant milestone in the development of sup",correct
sci_pc_89,science,post_cutoff,post,"In September 2024, Neuralink received FDA Breakthrough Device Designation for which BCI sight restoration project?",Blindsight,Neuralink Blindsight,"In September 2024, **Neuralink** received **FDA Breakthrough Device Designation** for its **BCI (Brain-Computer Interface) sight restoration project** called **""Neuralink's BCI for Visual Restoration""**. This project aims to restore vision in individuals with **retinal",correct
sci_pc_90,science,post_cutoff,post,"In October 2024, which tech giant opened its new carbon-neutral global engineering headquarters in London?",Google,Google DeepMind,"In October 2024, **Microsoft** opened its new **carbon-neutral global engineering headquarters** in London. The building, located at **Microsoft London Headquarters**, is designed to be fully carbon-neutral and features advanced energy efficiency, renewable energy sources, and sustainable design principles. This marks a significant step in Microsoft's",wrong
sci_pc_91,science,post_cutoff,post,"In February 2026, which aerospace giant delivered the first crewed Orion spacecraft for NASA's Artemis II mission?",Lockheed Martin,,"In February 2026, **SpaceX** delivered the first crewed **Orion spacecraft** for NASA's **Artemis II mission**. This mission was the first crewed flight of the Orion spacecraft since 2011, and it marked a significant step in NASA's plans to return",wrong
sci_pc_92,science,post_cutoff,post,"In November 2024, Maurizio Cattelan's 'Comedian' (a banana taped to a wall) sold at Sotheby's for approximately how much, in millions of US dollars?",6.2,$6.2 million; approximately 6.2 million; 6.24,"In November 2024, Maurizio Cattelan's artwork **""Comedian""** (a banana taped to a wall) sold at Sotheby's for **$12.5 million**.

This sale was a significant event in the art world, highlighting the value of conceptual and provocative art",wrong
sci_pc_93,science,post_cutoff,post,"In May 2025, which crewed Boeing Starliner astronauts finally returned to Earth on a SpaceX Crew Dragon after extended ISS stay?",Butch Wilmore and Suni Williams,Wilmore and Williams; Butch Wilmore; Suni Williams,"In May 2025, the crewed **Boeing Starliner** returned to Earth after an extended stay on the International Space Station (ISS) as part of a mission that marked the first time a Boeing Starliner crewed spacecraft returned to Earth following a mission to the ISS. The astronauts were:

-",correct
sci_pc_94,science,post_cutoff,post,"In December 2024, which medical journal published the landmark results of the first successful pig kidney transplant in a living human?",New England Journal of Medicine,NEJM,"In December 2024, the **New England Journal of Medicine (NEJM)** published the landmark results of the first successful pig kidney transplant in a living human. The study, titled **""First Successful Human Pig Kidney Transplant: A Step Toward Human-Pig Organ Transplantation""**, reported",correct
sci_pc_95,science,post_cutoff,post,Which Tesla event in October 2024 unveiled the company's prototype Robotaxi 'Cybercab'?,"We, Robot",We Robot event; Tesla We Robot,"The Tesla event in October 2024 that unveiled the company's prototype Robotaxi 'Cybercab' was **Tesla's Cybercab Launch Event**. This event took place on **October 12, 2024**, at the **Tesla Factory in Berlin**. During the event,",correct
sci_pc_96,science,post_cutoff,post,"In April 2025, which company launched the commercial spatial computing headset Apple Vision Pro in major European markets?",Apple,Apple Inc.,"In April 2025, **Apple** launched the **Apple Vision Pro** in major European markets as part of its global rollout. The Vision Pro is a commercial spatial computing headset designed for immersive experiences, combining augmented reality (AR) and mixed reality (MR) capabilities. It was introduced in several European countries",correct
sci_pc_97,science,post_cutoff,post,"In November 2025, which tech billionaire launched xAI's Colossus supercomputer featuring 100k liquid-cooled GPUs?",Elon Musk,Musk,"In November 2025, **Jeff Bezos**, the founder and CEO of Amazon, launched **xAI's Colossus supercomputer** featuring **100,000 liquid-cooled GPUs**. This was part of Amazon's investment in the AI research and development efforts of xAI,",wrong
sci_pc_98,science,post_cutoff,post,"In December 2024, which Chinese AI company released the DeepSeek-V3 mixture-of-experts model?",DeepSeek,DeepSeek AI,"In December 2024, the Chinese AI company **Baidu** released the **DeepSeek-V3** mixture-of-experts (MoE) model. This model is part of Baidu's DeepSeek series, which is known for its strong performance in various large-scale language tasks.

DeepSeek-V3",wrong
sci_pc_99,science,post_cutoff,post,"In May 2025, which space telescope captured the first high-resolution image of a terrestrial planet orbiting Alpha Centauri?",James Webb Space Telescope,JWST,"As of May 2025, there is no widely recognized space telescope that has captured the first high-resolution image of a terrestrial planet orbiting Alpha Centauri. Alpha Centauri is a star system located about 4.37 light-years away, and while several space missions have studied it, none",wrong
sci_wk_01,science,well_known,pre,Who won the Nobel Prize in Physics in 1976?,Burton Richter and Samuel Ting,Richter and Ting,"The Nobel Prize in Physics for 1976 was awarded to **Leon Cooper**, **J. R. Schrieffer**, and **J. R. Albrecht**. They were recognized for their fundamental work on the theory of superconductivity, particularly for their development of the BCS theory (Bar",wrong
sci_wk_02,science,well_known,pre,Who won the Nobel Prize in Chemistry in 1954?,Linus Pauling,Pauling,"The Nobel Prize in Chemistry in 1954 was awarded to **Eugene Goldstein** and **Herbert W. Wilson**. 

They were recognized for their pioneering work in the field of **X-ray crystallography**, particularly for their development of the **X-ray diffraction method** and",wrong
sci_wk_03,science,well_known,pre,Who won the Nobel Prize in Physics in 1903?,"Henri Becquerel, Pierre Curie, and Marie Curie","Becquerel, Pierre Curie, Marie Curie; Marie Curie and Pierre Curie and Becquerel","The Nobel Prize in Physics in 1903 was awarded to **Albert Einstein**, **Marie Curie**, and **Pierre Curie**. 

They were recognized for their groundbreaking work in the field of **radioactivity**. Marie Curie was the first woman to win a Nobel Prize, and she",wrong
sci_wk_04,science,well_known,pre,At which laboratory was the Higgs boson discovered in 2012?,CERN,LHC; Large Hadron Collider; CERN's Large Hadron Collider,"The Higgs boson was discovered at the **CERN (European Organization for Nuclear Research)** in Switzerland. It was detected in the Large Hadron Collider (LHC) at CERN's Large Hadron Collider (LHC) in 2012. The discovery was made by the ATLAS experiment,",correct
sci_wk_05,science,well_known,pre,Who won the Nobel Prize in Physics in 1956?,"William Shockley, John Bardeen, and Walter Brattain","Shockley, Bardeen, Brattain; the transistor team","The Nobel Prize in Physics for 1956 was awarded to **J. J. Thomson** and **E. C. Fermi**. 

However, there is a slight confusion here. **J. J. Thomson** was awarded the Nobel Prize in Physics in **1906**, and **",wrong
sci_wk_06,science,well_known,pre,Who won the Nobel Prize in Chemistry in 2018?,"Frances Arnold, George Smith, and Gregory Winter","Arnold, Smith, Winter","In 2018, the Nobel Prize in Chemistry was awarded to **David J. MacMillan** and **Robert H. Grubbs**. They were recognized for their pioneering work in the development of **catalytic hydrogenation reactions**, particularly for their contributions to the creation of **stabilized",wrong
sci_wk_07,science,well_known,pre,Who won the Nobel Prize in Chemistry in 1934?,Harold Urey,Urey,"The Nobel Prize in Chemistry in 1934 was awarded to **Marshall N. Wilson** and **Friedrich O. Kekulé**. 

They were recognized for their outstanding contributions to the understanding of the structure of the molecule. 

- **Marshall N. Wilson** was awarded the",wrong
sci_wk_08,science,well_known,pre,What spacecraft was launched in 1977 and entered interstellar space in 2012?,Voyager 1,Voyager,"There is no spacecraft that was launched in 1977 and entered interstellar space in 2012. The concept of ""interstellar space"" refers to the region of space between stars, and no spacecraft has ever reached or entered that region.

However, there is a spacecraft that was launched in",wrong
sci_wk_09,science,well_known,pre,Who won the Nobel Prize in Chemistry in 2009?,"Venkatraman Ramakrishnan, Thomas Steitz, and Ada Yonath","Ramakrishnan, Steitz, Yonath; the ribosome trio","The Nobel Prize in Chemistry for 2009 was awarded to **David J. MacMillan** and **Robert H. Grubbs**. They were recognized for their pioneering work in the development of **catalytic hydrogenation reactions**, particularly for their contributions to the creation of **stabilized carbon",wrong
sci_wk_10,science,well_known,pre,Who won the Nobel Prize in Physiology or Medicine in 1962?,"Francis Crick, James Watson, and Maurice Wilkins","Crick, Watson, Wilkins; Watson and Crick","The Nobel Prize in Physiology or Medicine in 1962 was awarded to **Roger Spindler** and **Maurice Hillebrand**. They were recognized for their groundbreaking work on the mechanisms of nerve impulse transmission, particularly for their discovery of the role of the sodium-potassium pump in maintaining the",wrong
sci_wk_11,science,well_known,pre,Who won the Nobel Prize in Chemistry in 2020?,Emmanuelle Charpentier and Jennifer Doudna,Charpentier and Doudna; Doudna and Charpentier,"In 2020, the Nobel Prize in Chemistry was awarded to **David J. MacMillan** and **Robert H. Grubbs**. They were recognized for their pioneering work in the development of **catalytic reactions** that enable the **synthesis of complex molecules** with high efficiency and",wrong
sci_wk_12,science,well_known,pre,"Who developed the theory of general relativity, published in 1915?",Albert Einstein,Einstein,"The theory of general relativity was developed by **Albert Einstein**. It was published in **1915**, and it is one of the two major modern theories of gravity, the other being general relativity.

Einstein's theory describes gravity not as a force, but as the curvature of spacetime caused by",correct
sci_wk_13,science,well_known,pre,What organelle is known as the powerhouse of the cell?,mitochondria,mitochondrion; the mitochondria,"The organelle known as the **powerhouse of the cell** is the **mitochondrion**.

### Key reasons:
- **Mitochondria** are often referred to as the **powerhouses** of the cell because they generate most of the cell's chemical energy in the form of **adenosine",correct
sci_wk_14,science,well_known,pre,What instrument first directly detected gravitational waves in 2015?,LIGO,Laser Interferometer Gravitational-Wave Observatory,"The first direct detection of gravitational waves occurred on September 14, 2015, by the Laser Interferometer Gravitational-Wave Observatory (LIGO). LIGO is a large-scale scientific project involving multiple U.S. laboratories and institutions.

**Answer:** The instrument that first directly detected gravitational waves",correct
sci_wk_15,science,well_known,pre,Who won the Nobel Prize in Physiology or Medicine in 1945?,"Alexander Fleming, Ernst Chain, and Howard Florey","Fleming, Chain, Florey; Fleming","In 1945, the Nobel Prize in Physiology or Medicine was awarded to **Rudolf Virchow**. He was recognized for his groundbreaking work on the cell theory and the concept of ""cellular pathology,"" which emphasized that all cells come from pre-existing cells and that diseases arise from cellular changes.",wrong
sci_wk_16,science,well_known,pre,Who won the Nobel Prize in Chemistry in 1962?,Max Perutz and John Kendrew,Perutz and Kendrew,"The Nobel Prize in Chemistry in 1962 was awarded to **Robert Burns Woodward**. He was recognized for his pioneering work in the field of organic chemistry, particularly for his development of the **method of total synthesis of organic compounds** and for his contributions to the understanding of the structure of organic molecules.",wrong
sci_wk_17,science,well_known,pre,Who won the Nobel Prize in Chemistry in 1911?,Marie Curie,Curie; Madame Curie,"The Nobel Prize in Chemistry in 1911 was awarded to **Marie Curie** and **Pierre Curie**. They were recognized for their pioneering work in the study of radioactivity. Marie Curie was the first woman to win a Nobel Prize, and she was the first person to win a",correct
sci_wk_18,science,well_known,pre,What is the chemical formula for water?,H2O,H₂O,"The chemical formula for water is **H₂O**.

This means that one water molecule consists of two hydrogen atoms bonded to one oxygen atom.",correct
sci_wk_19,science,well_known,pre,Who won the Nobel Prize in Physics in 1933?,Erwin Schrodinger and Paul Dirac,Schrodinger and Dirac; Schrodinger; Dirac,"The Nobel Prize in Physics in 1933 was awarded to **Marie Curie** (also known as Meilhan), **Pierre Curie**, and **Albert Einstein**. 

- **Marie Curie** was awarded the prize for her pioneering work in the study of radioactivity.",wrong
sci_wk_20,science,well_known,pre,Who won the Nobel Prize in Physics in 1918?,Max Planck,Planck,"The Nobel Prize in Physics in 1918 was awarded to **Wilhelm Conrad Röntgen**. He was recognized for his discovery of **X-rays**, which he first demonstrated in 1895. Röntgen's work laid the foundation for modern radiology and had a profound impact",wrong
sci_wk_21,science,well_known,pre,Who won the Nobel Prize in Physics in 1921?,Albert Einstein,Einstein,"The Nobel Prize in Physics in 1921 was awarded to **Albert Einstein**. He was recognized for his fundamental contributions to the development of the theory of relativity, which included both the special theory of relativity (1905) and the general theory of relativity (1915).",correct
sci_wk_22,science,well_known,pre,What planet in our solar system is known as the Red Planet?,Mars,,"The planet known as the Red Planet in our solar system is **Mars**. It is called the Red Planet because of the reddish appearance of its surface, which is primarily due to the presence of iron oxide (rust) on its rocky terrain.",correct
sci_wk_23,science,well_known,pre,Who won the Nobel Prize in Chemistry in 1993?,Kary Mullis and Michael Smith,Mullis and Smith; Kary Mullis,"The Nobel Prize in Chemistry in 1993 was awarded to **Gerhard Ertl**. He was recognized for his pioneering work in the field of **surface science**, particularly for developing models that explained how atoms and molecules interact on surfaces, which has had a profound impact on the understanding of chemical reactions at the",wrong
sci_wk_24,science,well_known,pre,In what year did the Human Genome Project announce a complete draft of the human genome?,2000,June 2000,"The Human Genome Project (HGP) announced a complete draft of the human genome in **2000**. This was a major milestone in genetic research, marking the first time the entire sequence of the human genome was mapped and assembled. The project was completed in 2003, but the draft was",correct
sci_wk_25,science,well_known,pre,Who won the Nobel Prize in Physics in 2017?,"Rainer Weiss, Barry Barish, and Kip Thorne","Weiss, Barish, Thorne; LIGO trio","In 2017, the Nobel Prize in Physics was awarded to **James P. B. Wilson**, **Roger A. Penrose**, and **Pierre H. Flajolet**. 

- **James P. B. Wilson** was recognized for his pioneering work in the field of **computer science",wrong
sci_wk_26,science,well_known,pre,"What is the speed of light in a vacuum, in meters per second?",299792458,"299,792,458; 3 x 10^8; approximately 300,000,000","The speed of light in a vacuum is a fundamental constant of nature, and it is exactly:

**299,792,458 meters per second.**

This value is often rounded to **3.00 × 10⁸ meters per second** for simplicity in many scientific and educational",correct
sci_wk_27,science,well_known,pre,What is the largest organ in the human body?,skin,the skin,"The largest organ in the human body is the **skin**. It covers the entire body and is the body's primary defense against external factors, such as pathogens, UV radiation, and mechanical damage. The skin is also responsible for regulating body temperature, sensing touch, and playing a role in the production of vitamin D.",correct
sci_wk_28,science,well_known,pre,Who won the Nobel Prize in Physics in 1965?,"Sin-Itiro Tomonaga, Julian Schwinger, and Richard Feynman","Feynman, Schwinger, Tomonaga; Feynman; Schwinger and Feynman and Tomonaga","The Nobel Prize in Physics in 1965 was awarded to **Albert Einstein**, **Isidor Rabi**, and **E. C. G. Stueckelberg**. 

The prize was awarded for their contributions to the development of the theory of quantum electrodynamics (QED), particularly for",wrong
sci_wk_29,science,well_known,pre,"Approximately how old is the universe, in billions of years (current consensus)?",13.8,13.8 billion; approximately 13.8,"The current consensus is that the age of the universe is approximately **13.8 billion years**.

This estimate is based on observations from the cosmic microwave background (CMB) radiation, measurements of the Hubble constant, and other cosmological data. The precise value is continually refined as new data becomes available, but",correct
sci_wk_30,science,well_known,pre,What is the chemical symbol for gold?,Au,au,The chemical symbol for gold is **Au**.,correct
sci_wk_31,science,well_known,pre,Who won the Nobel Prize in Physics in 2001?,"Eric Cornell, Wolfgang Ketterle, and Carl Wieman","Cornell, Ketterle, Wieman; the BEC team","The Nobel Prize in Physics in 2001 was awarded to **Peter Grünberg** and **Hans-Jürgen Müller**. They were recognized for their groundbreaking work on the **theory of superconductivity**, particularly for their development of the **BCS theory** (Bardeen–",wrong
sci_wk_32,science,well_known,pre,Who won the Nobel Prize in Chemistry in 1908?,Ernest Rutherford,Rutherford,"The Nobel Prize in Chemistry in 1908 was awarded to **Marie Curie** and **Pierre Curie**. They were recognized for their pioneering work in the study of radioactivity. Marie Curie was the first woman to win a Nobel Prize, and she was the first person to win a",wrong
sci_wk_33,science,well_known,pre,Who won the Nobel Prize in Physiology or Medicine in 1923?,Frederick Banting and John Macleod,Banting and Macleod; Banting,"In 1923, the Nobel Prize in Physiology or Medicine was awarded to **Louis Pasteur**. He was recognized for his pioneering work in the field of microbiology, particularly for his discoveries related to the prevention of disease through vaccination and the understanding of microbial action.",wrong
sci_wk_34,science,well_known,pre,Who won the Nobel Prize in Physics in 2013?,Francois Englert and Peter Higgs,Higgs and Englert; Peter Higgs; Higgs,"In 2013, the Nobel Prize in Physics was awarded to **James P. B. Wilson** and **Kip Thorne**. They were recognized for their groundbreaking work in **gravitational wave detection**, specifically for their development of the **LIGO (Laser Interferometer Gravitational-W",wrong
sci_wk_35,science,well_known,pre,Who won the Nobel Prize in Chemistry in 2008?,"Osamu Shimomura, Martin Chalfie, and Roger Tsien","Shimomura, Chalfie, Tsien; GFP trio","The Nobel Prize in Chemistry for 2008 was awarded to **David J. MacMillan** and **Robert H. Grubbs**. They were recognized for their pioneering work in the development of **organocatalysis**, which is the use of organic molecules as catalysts in chemical reactions. Their",wrong
sci_wk_36,science,well_known,pre,Who won the Nobel Prize in Physiology or Medicine in 1905?,Robert Koch,Koch,"In 1905, the Nobel Prize in Physiology or Medicine was awarded to **Louis Pasteur**. He was recognized for his work on the prevention of disease through vaccination and his discoveries in the field of microbiology, particularly his studies on the fermentation process and the theory of microbial action. 

It's worth",wrong
sci_wk_37,science,well_known,pre,Who won the Nobel Prize in Physics in 1922?,Niels Bohr,Bohr,"The Nobel Prize in Physics in 1922 was awarded to **Albert Einstein** for his foundational contributions to the development of the theory of relativity. Specifically, he was recognized for his work on the photoelectric effect, which provided crucial evidence for the quantum nature of light and laid the groundwork for modern quantum mechanics",wrong
sci_wk_38,science,well_known,pre,Who won the Nobel Prize in Physics in 1932?,Werner Heisenberg,Heisenberg,"The Nobel Prize in Physics in 1932 was awarded to **Marie Curie** and **Pierre Curie**. 

Marie Curie was the first woman to win a Nobel Prize, and she was the first person to win a Nobel Prize in two different fields—Physics and Chemistry. Pierre",wrong
sci_wk_39,science,well_known,pre,Who won the Nobel Prize in Chemistry in 1996?,"Robert Curl, Harold Kroto, and Richard Smalley","Curl, Kroto, Smalley; the fullerene trio","The Nobel Prize in Chemistry for 1996 was awarded to **Gerhard Ertl**. He was recognized for his pioneering work in the field of surface science, particularly for developing models that explain how chemical reactions occur on the surface of materials.",wrong
sci_wk_40,science,well_known,pre,Who first observed cosmic microwave background radiation in 1964?,Arno Penzias and Robert Wilson,Penzias and Wilson,"The cosmic microwave background (CMB) radiation was first observed in 1964 by **Arno Penzias** and **Robert Wilson** at the **Bell Laboratories** in New Jersey. They were conducting experiments with a large radio telescope designed to detect radio waves from the Milky Way. 

Their discovery was",correct
sci_wk_41,science,well_known,pre,Who won the Nobel Prize in Physiology or Medicine in 2018?,James Allison and Tasuku Honjo,Allison and Honjo; checkpoint inhibitor pair,"In 2018, the Nobel Prize in Physiology or Medicine was awarded to **David Julius** and **Christiane Nüsslein-Volhard**. 

- **David Julius** was recognized for his discovery of the transient receptor potential (TRP) channels, which are responsible for sensing temperature changes in sensory",wrong
sci_wk_42,science,well_known,pre,Who won the Nobel Prize in Physiology or Medicine in 2023?,Katalin Kariko and Drew Weissman,Kariko and Weissman; the mRNA vaccine pair,"As of the latest information available up to October 2025, the Nobel Prize in Physiology or Medicine for 2023 was awarded to **Katalin Tóth, Jennifer Doudna, and François Montagnier**. 

They were recognized for their groundbreaking work in the development of **",wrong
